,Survived,Pclass,Age,SibSp,Parch,Fare,male,Q,S
0,1.0,0.0,1.0,0.0,0.0,0.13185364245687287,1.0,0.0,1.0
1,0.0,1.0,0.9246041719024881,0.0,0.0,0.034172069003406226,1.0,0.0,1.0
2,0.0,0.0,0.8869062578537321,0.0,0.0,0.15230941654763216,1.0,0.0,0.0
3,0.0,0.0,0.8869062578537321,0.0,0.0,0.2175769695637842,1.0,0.0,0.0
4,0.0,1.0,0.8806232721789394,0.0,0.0,0.03406219096802549,1.0,1.0,0.0
5,0.0,0.0,0.8743402865041467,0.125,0.16666666666666666,0.31205362048126584,1.0,0.0,1.0
6,0.0,0.5,0.8743402865041467,0.0,0.0,0.04614877485990551,1.0,0.0,1.0
7,0.0,0.5,0.8240764011058055,0.0,0.0,0.04614877485990551,1.0,0.0,1.0
8,0.0,0.0,0.8115104297562202,0.0,0.16666666666666666,0.2724061092187672,1.0,0.0,0.0
9,0.0,0.0,0.8115104297562202,0.0,0.0,0.1166904735743325,1.0,0.0,1.0
10,0.0,1.0,0.8115104297562202,0.0,0.0,0.03406219096802549,1.0,1.0,0.0
11,0.0,0.0,0.7989444584066349,0.0,0.0,0.1142731567959565,1.0,0.0,1.0
12,1.0,1.0,0.7863784870570495,0.0,0.0,0.042138226568508956,0.0,0.0,1.0
13,1.0,0.0,0.7863784870570495,0.125,0.0,0.3426361938248544,0.0,0.0,1.0
14,1.0,0.0,0.7738125157074642,0.0,0.0,0.3516097132183277,0.0,0.0,0.0
15,0.0,0.0,0.7738125157074642,0.0,0.0,0.1166904735743325,1.0,0.0,1.0
16,0.0,0.0,0.7738125157074642,0.0,0.0,0.1166904735743325,1.0,0.0,1.0
17,1.0,0.5,0.7738125157074642,0.0,0.0,0.04614877485990551,1.0,0.0,1.0
18,0.0,0.0,0.7612465443578789,0.0,0.0,0.14205384023733655,1.0,0.0,1.0
19,0.0,1.0,0.7612465443578789,0.0,0.0,0.027414569827491485,1.0,0.0,1.0
20,0.0,0.0,0.7612465443578789,0.0,0.0,0.1472365674101747,1.0,0.0,1.0
21,0.0,0.5,0.7486805730082936,0.125,0.16666666666666666,0.17140973519393474,1.0,0.0,1.0
22,1.0,0.0,0.7486805730082936,0.125,0.0,0.3307328864959895,0.0,0.0,0.0
23,0.0,0.0,0.7486805730082936,0.0,0.0,0.1166904735743325,1.0,0.0,1.0
24,1.0,0.0,0.7486805730082936,0.125,0.16666666666666666,0.3480936160861444,1.0,0.0,0.0
25,0.0,1.0,0.7361146016587082,0.0,0.0,0.03186463026041095,1.0,0.0,1.0
26,0.0,0.5,0.7361146016587082,0.0,0.0,0.05933413910559279,1.0,0.0,1.0
27,0.0,0.0,0.723548630309123,0.0,0.3333333333333333,0.49785737831007587,1.0,0.0,0.0
28,0.0,0.0,0.723548630309123,0.0,0.0,0.13053510603230414,1.0,0.0,0.0
29,1.0,0.0,0.723548630309123,0.0,0.16666666666666666,0.6744863201845952,0.0,0.0,1.0
30,1.0,0.0,0.723548630309123,0.0,0.0,0.6439767058564994,0.0,0.0,0.0
31,1.0,0.0,0.723548630309123,0.0,0.0,0.1166904735743325,0.0,0.0,1.0
32,0.0,0.5,0.7109826589595376,0.0,0.0,0.054279749478079335,1.0,1.0,0.0
33,0.0,0.5,0.7109826589595376,0.0,0.0,0.04614877485990551,0.0,0.0,1.0
34,1.0,0.0,0.6984166876099522,0.0,0.0,0.15602681024063292,1.0,0.0,0.0
35,1.0,0.0,0.6984166876099522,0.0,0.16666666666666666,0.36549082518404574,0.0,0.0,0.0
36,0.0,0.0,0.6984166876099522,0.0,0.0,0.1166904735743325,1.0,0.0,1.0
37,0.0,0.0,0.6984166876099522,0.0,0.0,0.13491176793758927,1.0,0.0,0.0
38,0.0,1.0,0.6921337019351597,0.0,0.0,0.03538072739259423,1.0,0.0,1.0
39,0.0,0.0,0.685850716260367,0.0,0.0,0.13405120316448743,1.0,0.0,1.0
40,1.0,0.5,0.685850716260367,0.0,0.0,0.07032194264366554,0.0,0.0,1.0
41,0.0,0.0,0.6732847449107816,0.0,0.16666666666666666,0.3396879463795187,1.0,0.0,1.0
42,0.0,0.5,0.6732847449107816,0.0,0.0,0.1142731567959565,1.0,0.0,1.0
43,0.0,0.5,0.6732847449107816,0.0,0.0,0.061531699813207344,1.0,0.0,1.0
44,0.0,0.5,0.6732847449107816,0.125,0.0,0.1142731567959565,1.0,0.0,1.0
45,1.0,0.0,0.6732847449107816,0.125,0.0,0.2610702120646083,0.0,0.0,0.0
46,1.0,0.5,0.6732847449107816,0.125,0.5,0.1010877925502692,0.0,0.0,1.0
47,1.0,0.0,0.6732847449107816,0.125,0.0,0.3439916492693111,0.0,0.0,0.0
48,0.0,0.0,0.6732847449107816,0.0,0.0,0.22794198439731897,1.0,0.0,1.0
49,1.0,0.0,0.6607187735611963,0.25,0.0,0.22625733435886167,0.0,0.0,1.0
50,1.0,0.0,0.648152802211611,0.125,0.16666666666666666,0.4109438523239205,0.0,0.0,1.0
51,0.0,0.0,0.648152802211611,0.125,0.16666666666666666,0.3500714207229975,1.0,0.0,1.0
52,0.0,0.5,0.648152802211611,0.0,0.0,0.05933413910559279,1.0,0.0,1.0
53,1.0,0.0,0.648152802211611,0.125,0.0,0.3439916492693111,0.0,0.0,0.0
54,0.0,0.5,0.648152802211611,0.0,0.0,0.05713657839797825,1.0,0.0,1.0
55,1.0,0.0,0.648152802211611,0.0,0.0,0.13405120316448743,1.0,0.0,1.0
56,0.0,1.0,0.6355868308620256,0.0,0.0,0.03406219096802549,1.0,0.0,1.0
57,0.0,0.0,0.6355868308620256,0.0,0.16666666666666666,0.26976903636962973,1.0,0.0,0.0
58,1.0,0.0,0.6355868308620256,0.0,0.0,0.1166904735743325,1.0,0.0,1.0
59,1.0,0.0,0.6355868308620256,0.125,0.0,0.3426361938248544,0.0,0.0,1.0
60,0.0,1.0,0.6355868308620256,0.0,0.0,0.03100406548730909,1.0,0.0,1.0
61,0.0,0.5,0.6355868308620256,0.0,0.0,0.05504889572574443,1.0,0.0,1.0
62,0.0,1.0,0.6355868308620256,0.0,0.0,0.03538072739259423,1.0,0.0,1.0
63,0.0,0.0,0.6230208595124404,0.0,0.0,0.12619492363476542,0.0,0.0,0.0
64,0.0,0.5,0.6230208595124404,0.0,0.0,0.05713657839797825,1.0,0.0,1.0
65,1.0,0.5,0.6230208595124404,0.0,0.0,0.04614877485990551,0.0,0.0,1.0
66,1.0,0.0,0.6230208595124404,0.25,0.0,0.5874079771453687,1.0,0.0,1.0
67,1.0,0.5,0.6230208595124404,0.0,0.0,0.04614877485990551,0.0,0.0,1.0
68,1.0,0.5,0.6230208595124404,0.0,0.16666666666666666,0.1142731567959565,0.0,0.0,1.0
69,0.0,0.0,0.6230208595124404,0.125,0.0,0.4677507966157565,1.0,0.0,0.0
70,0.0,1.0,0.6230208595124404,0.0,0.0,0.03538072739259423,1.0,0.0,1.0
71,0.0,0.0,0.6230208595124404,0.125,0.0,0.24568728711130647,1.0,0.0,1.0
72,0.0,0.0,0.610454888162855,0.125,0.16666666666666666,0.48734556642127247,1.0,0.0,0.0
73,1.0,0.0,0.610454888162855,0.125,0.0,0.2502107460718603,1.0,0.0,0.0
74,1.0,0.0,0.610454888162855,0.0,0.0,0.11396198219975828,0.0,0.0,1.0
75,1.0,0.0,0.610454888162855,0.125,0.0,0.39162377760685646,1.0,0.0,0.0
76,0.0,1.0,0.610454888162855,0.0,0.0,0.0,1.0,0.0,1.0
77,1.0,0.0,0.610454888162855,0.125,0.0,0.33723415009339636,0.0,0.0,0.0
78,1.0,0.5,0.5978889168132697,0.125,0.3333333333333333,0.2856828919898912,0.0,0.0,1.0
79,0.0,1.0,0.5978889168132697,0.0,0.0,0.03452016261949237,1.0,0.0,1.0
80,1.0,0.0,0.5978889168132697,0.125,0.0,0.33723415009339636,1.0,0.0,0.0
81,0.0,1.0,0.5978889168132697,0.125,0.5,0.15108229864850017,0.0,0.0,1.0
82,1.0,0.0,0.5978889168132697,0.0,0.0,0.11396198219975828,0.0,0.0,1.0
83,0.0,0.5,0.5978889168132697,0.0,0.0,0.05713657839797825,1.0,0.0,1.0
84,1.0,0.0,0.5978889168132697,0.125,0.0,0.228546313591913,1.0,0.0,1.0
85,1.0,0.0,0.5978889168132697,0.125,0.0,0.1740468080430722,0.0,0.0,0.0
86,1.0,0.0,0.5978889168132697,0.0,0.0,0.1166904735743325,1.0,0.0,1.0
87,0.0,0.5,0.5853229454636844,0.0,0.0,0.06592682122843643,1.0,0.0,1.0
88,1.0,0.0,0.5853229454636844,0.125,0.16666666666666666,0.23098208988023297,0.0,0.0,1.0
89,0.0,1.0,0.5853229454636844,0.125,0.0,0.0637292605208219,0.0,0.0,1.0
90,0.0,1.0,0.5853229454636844,0.0,0.0,0.03186463026041095,1.0,0.0,1.0
91,0.0,0.0,0.5853229454636844,0.0,0.0,0.14952554664322604,1.0,0.0,1.0
92,0.0,0.0,0.5853229454636844,0.0,0.0,0.228546313591913,1.0,0.0,1.0
93,0.0,1.0,0.5853229454636844,0.0,0.0,0.039556092737061864,1.0,0.0,1.0
94,0.0,0.0,0.5853229454636844,0.0,0.0,0.1692121744863202,1.0,0.0,1.0
95,0.0,0.0,0.5853229454636844,0.0,0.0,0.11246016921217449,1.0,0.0,1.0
96,0.0,0.0,0.5727569741140991,0.125,0.0,0.2688715525766399,1.0,0.0,1.0
97,0.0,0.5,0.5727569741140991,0.0,0.0,0.1142731567959565,1.0,0.0,1.0
98,0.0,0.0,0.5727569741140991,0.0,0.0,0.3480936160861444,1.0,0.0,0.0
99,0.0,1.0,0.5664739884393064,0.0,0.0,0.031754752225030214,1.0,0.0,0.0
100,0.0,0.0,0.5664739884393064,0.0,0.0,0.12526096033402923,1.0,0.0,1.0
101,0.0,0.0,0.5601910027645137,0.125,0.0,0.36688276013624876,1.0,0.0,1.0
102,1.0,0.5,0.5601910027645137,0.125,0.16666666666666666,0.11537193714976376,0.0,0.0,1.0
103,0.0,1.0,0.5601910027645137,0.125,0.6666666666666666,0.12262388748489177,0.0,0.0,1.0
104,0.0,1.0,0.5601910027645137,0.0,0.0,0.03065597187122294,1.0,0.0,1.0
105,1.0,0.0,0.5601910027645137,0.0,0.0,0.1166904735743325,1.0,0.0,1.0
106,1.0,1.0,0.5601910027645137,0.0,0.0,0.03538072739259423,1.0,0.0,1.0
107,0.0,1.0,0.5601910027645137,0.0,0.0,0.03406219096802549,0.0,0.0,1.0
108,1.0,0.0,0.5601910027645137,0.125,0.16666666666666666,0.7246091638281509,0.0,0.0,1.0
109,1.0,0.5,0.5601910027645137,0.0,0.0,0.05933413910559279,0.0,0.0,1.0
110,0.0,1.0,0.5601910027645137,0.0,0.16666666666666666,0.0635279639600044,0.0,0.0,0.0
111,0.0,0.0,0.5601910027645137,0.0,0.0,0.15602681024063292,1.0,0.0,1.0
112,0.0,0.0,0.5601910027645137,0.0,0.0,0.1166904735743325,1.0,0.0,1.0
113,0.0,1.0,0.5476250314149284,0.0,0.0,0.03538072739259423,1.0,0.0,1.0
114,1.0,0.0,0.5476250314149284,0.0,0.0,0.12183628172728272,0.0,0.0,0.0
115,0.0,1.0,0.5476250314149284,0.0,0.0,0.03538072739259423,1.0,0.0,1.0
116,1.0,1.0,0.5476250314149284,0.0,0.0,0.03483133721569059,1.0,0.0,1.0
117,0.0,0.0,0.5476250314149284,0.25,0.0,0.39556092737061865,1.0,1.0,0.0
118,0.0,0.5,0.5476250314149284,0.125,0.0,0.1142731567959565,0.0,0.0,1.0
119,0.0,0.5,0.5476250314149284,0.125,0.0,0.1142731567959565,1.0,0.0,1.0
120,0.0,1.0,0.5476250314149284,0.0,0.16666666666666666,0.07076145478518846,1.0,0.0,1.0
121,1.0,0.0,0.5476250314149284,0.0,0.16666666666666666,0.2548256235578508,0.0,0.0,0.0
122,0.0,0.5,0.5350590600653431,0.125,0.16666666666666666,0.11537193714976376,1.0,0.0,1.0
123,0.0,1.0,0.5350590600653431,0.0,0.0,0.03538072739259423,1.0,0.0,1.0
124,1.0,0.0,0.5350590600653431,0.0,0.16666666666666666,0.9288539720909791,0.0,0.0,1.0
125,0.0,1.0,0.5350590600653431,0.125,1.0,0.2061311943742446,0.0,0.0,1.0
126,0.0,1.0,0.5350590600653431,0.0,0.0,0.02834853312822767,1.0,0.0,1.0
127,0.0,1.0,0.5224930887157577,0.0,0.0,0.033622678826502585,1.0,0.0,1.0
128,0.0,1.0,0.5224930887157577,0.0,0.0,0.03807273925942204,1.0,0.0,1.0
129,0.0,0.0,0.5224930887157577,0.125,0.0,0.228546313591913,1.0,0.0,1.0
130,1.0,0.0,0.5224930887157577,0.0,0.0,1.0,0.0,0.0,0.0
131,1.0,0.5,0.5224930887157577,0.125,0.0,0.1142731567959565,0.0,0.0,1.0
132,0.0,1.0,0.5224930887157577,0.0,0.0,0.03318316668497968,1.0,0.0,1.0
133,1.0,0.0,0.5224930887157577,0.0,0.0,0.11553675420283487,1.0,0.0,1.0
134,0.0,0.5,0.5224930887157577,0.125,0.0,0.11866827821118558,1.0,0.0,1.0
135,1.0,0.0,0.5224930887157577,0.125,0.0,0.23098208988023297,1.0,0.0,1.0
136,1.0,0.5,0.5224930887157577,0.0,0.0,0.05713657839797825,0.0,0.0,1.0
137,0.0,0.5,0.5224930887157577,0.0,0.0,0.05713657839797825,1.0,0.0,1.0
138,0.0,1.0,0.5224930887157577,0.0,0.16666666666666666,0.036937479397868365,1.0,0.0,1.0
139,1.0,0.5,0.5224930887157577,0.0,0.0,0.05713657839797825,1.0,0.0,1.0
140,0.0,1.0,0.5099271173661725,0.25,0.0,0.06200769146247665,1.0,0.0,1.0
141,1.0,0.5,0.5099271173661725,0.0,0.16666666666666666,0.08570486759696737,0.0,0.0,1.0
142,0.0,1.0,0.5099271173661725,0.0,0.8333333333333333,0.17443138116690474,0.0,0.0,1.0
143,1.0,0.0,0.5099271173661725,0.0,0.0,0.5911438303483134,0.0,0.0,0.0
144,0.0,1.0,0.5099271173661725,0.0,0.3333333333333333,0.0888363916053181,0.0,0.0,1.0
145,0.0,1.0,0.5099271173661725,0.0,0.0,0.031315240083507306,1.0,0.0,1.0
146,0.0,1.0,0.5036441316913798,0.0,0.3333333333333333,0.0637292605208219,1.0,0.0,1.0
147,0.0,1.0,0.5036441316913798,0.0,0.0,0.03406219096802549,1.0,1.0,0.0
148,0.0,1.0,0.49736114601658704,0.0,0.0,0.031754752225030214,1.0,0.0,0.0
149,1.0,0.5,0.49736114601658704,0.125,0.16666666666666666,0.17140973519393474,0.0,0.0,1.0
150,0.0,1.0,0.49736114601658704,0.125,0.6666666666666666,0.12262388748489177,1.0,0.0,1.0
151,1.0,0.0,0.49736114601658704,0.0,0.0,0.6744863201845952,0.0,0.0,1.0
152,1.0,0.0,0.49736114601658704,0.0,0.0,0.13624876387210197,1.0,0.0,0.0
153,0.0,1.0,0.49736114601658704,0.0,0.0,0.0347029996703659,1.0,0.0,1.0
154,1.0,0.5,0.49736114601658704,0.0,0.0,0.05713657839797825,0.0,0.0,1.0
155,0.0,1.0,0.49736114601658704,0.125,0.16666666666666666,0.06812438193605098,1.0,1.0,0.0
156,0.0,0.0,0.49736114601658704,0.0,0.0,0.12183628172728272,1.0,0.0,0.0
157,0.0,0.0,0.49736114601658704,0.0,0.0,0.0,1.0,0.0,1.0
158,0.0,1.0,0.49736114601658704,0.125,0.0,0.04164377540929568,0.0,0.0,1.0
159,1.0,0.0,0.49736114601658704,0.125,0.16666666666666666,0.5911438303483134,0.0,0.0,0.0
160,1.0,0.5,0.49736114601658704,0.0,0.0,0.06922316228985827,0.0,0.0,1.0
161,1.0,0.0,0.4847951746670017,0.125,0.16666666666666666,0.36549082518404574,0.0,0.0,0.0
162,0.0,1.0,0.4847951746670017,0.0,0.0,0.10614218217778267,1.0,0.0,1.0
163,0.0,0.0,0.4847951746670017,0.0,0.0,0.0,1.0,0.0,1.0
164,0.0,0.5,0.4847951746670017,0.0,0.0,0.1142731567959565,1.0,0.0,1.0
165,0.0,0.5,0.4847951746670017,0.0,0.0,0.05713657839797825,1.0,0.0,1.0
166,1.0,0.0,0.4847951746670017,0.125,0.16666666666666666,0.3500714207229975,0.0,0.0,1.0
167,0.0,1.0,0.4847951746670017,0.0,0.0,0.03483133721569059,1.0,0.0,1.0
168,0.0,1.0,0.4847951746670017,0.0,0.8333333333333333,0.12800791121854743,0.0,1.0,0.0
169,1.0,0.0,0.4847951746670017,0.125,0.16666666666666666,0.48734556642127247,0.0,0.0,0.0
170,1.0,0.0,0.4847951746670017,0.125,0.0,0.24568728711130647,0.0,0.0,1.0
171,0.0,0.5,0.4847951746670017,0.0,0.0,0.05713657839797825,1.0,0.0,1.0
172,0.0,1.0,0.4847951746670017,0.125,0.8333333333333333,0.13745742226128996,0.0,0.0,1.0
173,1.0,1.0,0.4847951746670017,0.0,0.0,0.03483133721569059,1.0,0.0,1.0
174,0.0,1.0,0.4847951746670017,0.125,0.8333333333333333,0.13745742226128996,1.0,0.0,1.0
175,1.0,0.0,0.4722292033174164,0.0,0.0,1.0,0.0,0.0,0.0
176,1.0,0.0,0.4722292033174164,0.0,0.0,0.3516097132183277,0.0,0.0,0.0
177,0.0,0.0,0.4722292033174164,0.0,0.16666666666666666,0.6744863201845952,1.0,0.0,1.0
178,0.0,1.0,0.4722292033174164,0.0,0.0,0.0347029996703659,1.0,0.0,1.0
179,1.0,0.0,0.4722292033174164,0.125,0.0,0.3132987583782002,0.0,0.0,0.0
180,1.0,1.0,0.4722292033174164,0.125,0.8333333333333333,0.13795187342050325,0.0,0.0,1.0
181,1.0,0.0,0.4722292033174164,0.125,0.0,0.39556092737061865,1.0,0.0,1.0
182,0.0,1.0,0.4722292033174164,0.0,0.0,0.030985605977365126,1.0,0.0,1.0
183,0.0,0.5,0.4722292033174164,0.0,0.0,0.05713657839797825,0.0,0.0,1.0
184,0.0,1.0,0.4722292033174164,0.0,0.0,0.03807273925942204,1.0,0.0,1.0
185,0.0,0.0,0.4722292033174164,0.0,0.0,0.0,1.0,0.0,1.0
186,0.0,0.0,0.4596632319678311,0.0,0.16666666666666666,0.13053510603230414,1.0,0.0,0.0
187,0.0,0.0,0.4596632319678311,0.125,0.0,0.233380947148665,1.0,0.0,1.0
188,0.0,1.0,0.4596632319678311,0.0,0.0,0.042138226568508956,0.0,0.0,1.0
189,0.0,1.0,0.4596632319678311,0.25,0.0,0.03483133721569059,1.0,0.0,1.0
190,0.0,0.5,0.4596632319678311,0.125,0.0,0.1142731567959565,1.0,0.0,1.0
191,1.0,0.0,0.4596632319678311,0.125,0.16666666666666666,0.23098208988023297,1.0,0.0,1.0
192,0.0,0.5,0.4533802462930384,0.0,0.3333333333333333,0.1142731567959565,1.0,0.0,1.0
193,0.0,0.5,0.4470972606182458,0.0,0.0,0.04614877485990551,1.0,0.0,1.0
194,1.0,0.0,0.4470972606182458,0.0,0.3333333333333333,0.31205362048126584,0.0,0.0,1.0
195,1.0,0.5,0.4470972606182458,0.125,0.0,0.1142731567959565,0.0,0.0,1.0
196,0.0,0.5,0.4470972606182458,0.0,0.0,0.056587188221074614,1.0,0.0,0.0
197,0.0,1.0,0.4470972606182458,0.125,0.16666666666666666,0.10614218217778267,1.0,0.0,1.0
198,0.0,0.0,0.4470972606182458,0.125,0.0,0.3465553235908142,1.0,0.0,1.0
199,0.0,0.5,0.4470972606182458,0.125,0.3333333333333333,0.12196461927260742,1.0,0.0,1.0
200,0.0,0.5,0.4470972606182458,0.0,0.0,0.05713657839797825,1.0,0.0,1.0
201,0.0,1.0,0.4470972606182458,0.0,0.0,0.0347029996703659,1.0,0.0,1.0
202,1.0,1.0,0.4470972606182458,0.125,0.0,0.07647511262498627,0.0,0.0,1.0
203,1.0,0.0,0.4470972606182458,0.0,0.0,0.5961248214481925,0.0,0.0,0.0
204,0.0,1.0,0.4470972606182458,0.0,0.0,0.032944951104274256,1.0,0.0,1.0
205,1.0,0.5,0.4470972606182458,0.0,0.0,0.05713657839797825,0.0,0.0,1.0
206,1.0,0.0,0.4470972606182458,0.0,0.0,0.11597626634435777,1.0,0.0,1.0
207,1.0,0.0,0.4470972606182458,0.125,0.3333333333333333,0.5274145698274915,0.0,0.0,1.0
208,1.0,0.0,0.4470972606182458,0.125,0.3333333333333333,0.5274145698274915,1.0,0.0,1.0
209,1.0,0.0,0.4470972606182458,0.0,0.0,0.11553675420283487,1.0,0.0,1.0
210,0.0,1.0,0.4470972606182458,0.125,0.0,0.06834413800681245,1.0,0.0,1.0
211,0.0,0.0,0.4470972606182458,0.0,0.0,0.17635424678606748,1.0,0.0,0.0
212,0.0,1.0,0.4470972606182458,0.0,0.0,0.0,1.0,0.0,1.0
213,1.0,0.5,0.4470972606182458,0.0,0.0,0.05713657839797825,0.0,0.0,1.0
214,0.0,1.0,0.4345312892686604,0.0,0.0,0.031315240083507306,1.0,0.0,1.0
215,1.0,0.0,0.4345312892686604,0.125,0.0,0.233380947148665,0.0,0.0,1.0
216,1.0,0.0,0.4345312892686604,0.125,0.0,0.228546313591913,0.0,0.0,1.0
217,0.0,0.5,0.4345312892686604,0.0,0.0,0.1142731567959565,1.0,0.0,1.0
218,0.0,0.5,0.4345312892686604,0.0,0.0,0.04614877485990551,1.0,0.0,1.0
219,0.0,1.0,0.4345312892686604,0.0,0.0,0.030985605977365126,1.0,0.0,1.0
220,1.0,0.0,0.4345312892686604,0.0,0.0,0.5961248214481925,0.0,0.0,1.0
221,0.0,1.0,0.4345312892686604,0.0,0.0,0.0347029996703659,1.0,0.0,0.0
222,1.0,0.0,0.4345312892686604,0.125,0.0,0.36688276013624876,0.0,0.0,1.0
223,1.0,0.0,0.4345312892686604,0.125,0.0,0.39556092737061865,0.0,0.0,1.0
224,0.0,1.0,0.4345312892686604,0.0,0.0,0.03538072739259423,1.0,0.0,1.0
225,0.0,1.0,0.4345312892686604,0.0,0.0,0.03538072739259423,1.0,0.0,1.0
226,1.0,0.5,0.4345312892686604,0.0,0.0,0.09229754971981102,0.0,0.0,1.0
227,1.0,0.0,0.4345312892686604,0.0,0.0,0.11553675420283487,1.0,0.0,1.0
228,1.0,1.0,0.4345312892686604,0.125,0.16666666666666666,0.08900120865838919,0.0,0.0,1.0
229,1.0,0.0,0.4345312892686604,0.0,0.0,0.1166904735743325,1.0,0.0,0.0
230,0.0,1.0,0.4282483035938678,0.0,0.0,0.028293594110537307,1.0,0.0,0.0
231,1.0,0.5,0.4219653179190751,0.0,0.0,0.05713657839797825,1.0,0.0,1.0
232,0.0,1.0,0.4219653179190751,0.125,0.16666666666666666,0.06328974837929899,1.0,0.0,1.0
233,1.0,0.5,0.4219653179190751,0.0,0.0,0.05713657839797825,0.0,0.0,1.0
234,1.0,0.5,0.4219653179190751,0.0,0.0,0.04614877485990551,0.0,0.0,1.0
235,0.0,0.5,0.4219653179190751,0.0,0.0,0.05713657839797825,1.0,0.0,1.0
236,0.0,0.5,0.4219653179190751,0.125,0.0,0.09229754971981102,1.0,0.0,1.0
237,0.0,0.5,0.4219653179190751,0.0,0.0,0.05713657839797825,1.0,0.0,1.0
238,1.0,0.5,0.4219653179190751,0.0,0.16666666666666666,0.1010877925502692,0.0,0.0,1.0
239,0.0,0.5,0.4219653179190751,0.125,0.0,0.09229754971981102,1.0,0.0,1.0
240,0.0,1.0,0.4219653179190751,0.0,0.0,0.03538072739259423,1.0,0.0,1.0
241,0.0,1.0,0.4219653179190751,0.0,0.0,0.03538072739259423,1.0,0.0,1.0
242,0.0,1.0,0.4219653179190751,0.0,0.0,0.028549829689045163,1.0,0.0,1.0
243,1.0,0.0,0.4219653179190751,0.0,0.0,0.1166904735743325,1.0,0.0,1.0
244,1.0,0.5,0.4219653179190751,0.125,0.16666666666666666,0.1428414459949456,0.0,0.0,1.0
245,0.0,0.5,0.4219653179190751,0.125,0.0,0.1142731567959565,1.0,0.0,1.0
246,1.0,0.0,0.4093993465694898,0.125,0.0,0.39556092737061865,0.0,1.0,0.0
247,0.0,1.0,0.4093993465694898,0.125,0.16666666666666666,0.09020986704757719,1.0,0.0,1.0
248,0.0,0.5,0.4093993465694898,0.0,0.0,0.053950115371937155,1.0,0.0,1.0
249,0.0,1.0,0.4093993465694898,0.0,0.0,0.03803625975167564,1.0,0.0,1.0
250,1.0,0.0,0.4093993465694898,0.0,0.0,0.3801780024173168,0.0,0.0,1.0
251,1.0,0.5,0.4093993465694898,0.0,0.3333333333333333,0.1142731567959565,0.0,0.0,1.0
252,0.0,1.0,0.4093993465694898,0.0,0.0,0.03807273925942204,1.0,0.0,0.0
253,0.0,1.0,0.4093993465694898,0.0,0.0,0.0347029996703659,1.0,0.0,0.0
254,1.0,0.5,0.4093993465694898,0.125,0.3333333333333333,0.12196461927260742,0.0,0.0,1.0
255,0.0,1.0,0.4093993465694898,0.0,0.0,0.0347029996703659,1.0,0.0,1.0
256,0.0,0.0,0.4093993465694898,0.0,0.0,0.02197560707614548,1.0,0.0,1.0
257,1.0,1.0,0.4093993465694898,0.375,0.0,0.06966267443138117,0.0,0.0,1.0
258,1.0,0.0,0.4093993465694898,0.125,0.0,0.233380947148665,0.0,0.0,1.0
259,0.0,1.0,0.4093993465694898,0.0,0.0,0.034172069003406226,1.0,0.0,1.0
260,0.0,1.0,0.4093993465694898,0.0,0.0,0.04175365344467641,1.0,0.0,1.0
261,0.0,0.5,0.40311636089469716,0.125,0.0,0.1321648170530711,1.0,0.0,0.0
262,1.0,0.5,0.40311636089469716,0.0,0.0,0.05713657839797825,0.0,0.0,1.0
263,1.0,1.0,0.39683337521990447,0.0,0.0,0.24830590045049997,1.0,0.0,1.0
264,1.0,1.0,0.39683337521990447,0.0,0.0,0.03483133721569059,1.0,0.0,1.0
265,0.0,1.0,0.39683337521990447,0.125,0.0,0.06966267443138117,1.0,0.0,1.0
266,0.0,0.5,0.39683337521990447,0.25,0.0,0.32304142401933855,1.0,0.0,1.0
267,0.0,1.0,0.39683337521990447,0.0,0.0,0.03406219096802549,1.0,1.0,0.0
268,0.0,1.0,0.39683337521990447,0.0,0.0,0.03483133721569059,1.0,0.0,1.0
269,0.0,1.0,0.39683337521990447,0.0,0.0,0.03483133721569059,1.0,0.0,1.0
270,1.0,1.0,0.39683337521990447,0.0,0.0,0.24830590045049997,1.0,0.0,1.0
271,1.0,0.0,0.39683337521990447,0.0,0.0,0.13405120316448743,1.0,0.0,0.0
272,0.0,1.0,0.39683337521990447,0.0,0.0,0.0347029996703659,1.0,0.0,1.0
273,1.0,0.0,0.39683337521990447,0.0,0.0,0.33531128447423364,0.0,0.0,0.0
274,1.0,0.5,0.39683337521990447,0.0,0.0,0.05713657839797825,0.0,0.0,1.0
275,1.0,1.0,0.39683337521990447,0.0,0.0,0.03538072739259423,1.0,0.0,1.0
276,1.0,1.0,0.39683337521990447,0.0,0.0,0.03452016261949237,1.0,0.0,1.0
277,0.0,1.0,0.39683337521990447,0.125,0.16666666666666666,0.06812438193605098,0.0,1.0,0.0
278,0.0,0.5,0.39683337521990447,0.0,0.0,0.04614877485990551,1.0,0.0,1.0
279,1.0,0.5,0.39683337521990447,0.125,0.0,0.1142731567959565,1.0,0.0,1.0
280,0.0,1.0,0.39683337521990447,0.0,0.0,0.03675420283485332,1.0,0.0,1.0
281,1.0,0.5,0.38426740387031916,0.0,0.0,0.05713657839797825,1.0,0.0,1.0
282,0.0,1.0,0.38426740387031916,0.125,0.0,0.07911218547412373,0.0,0.0,1.0
283,0.0,1.0,0.38426740387031916,0.0,0.0,0.03406219096802549,1.0,1.0,0.0
284,0.0,0.5,0.38426740387031916,0.0,0.0,0.04614877485990551,1.0,0.0,1.0
285,1.0,1.0,0.38426740387031916,0.0,0.0,0.03483133721569059,1.0,0.0,1.0
286,1.0,0.0,0.38426740387031916,0.125,0.0,0.25052192066805845,1.0,0.0,1.0
287,0.0,0.5,0.38426740387031916,0.125,0.16666666666666666,0.1626379518734205,1.0,0.0,0.0
288,1.0,1.0,0.38426740387031916,0.125,0.16666666666666666,0.09020986704757719,0.0,0.0,1.0
289,1.0,0.5,0.38426740387031916,0.125,0.16666666666666666,0.11537193714976376,0.0,0.0,1.0
290,1.0,0.0,0.38426740387031916,0.125,0.0,0.49785737831007587,0.0,0.0,0.0
291,1.0,0.0,0.38426740387031916,0.0,0.3333333333333333,0.7246091638281509,0.0,0.0,1.0
292,1.0,1.0,0.38426740387031916,0.0,0.0,0.03816415778485881,0.0,0.0,1.0
293,0.0,0.0,0.38426740387031916,0.125,0.0,0.228546313591913,1.0,0.0,1.0
294,0.0,0.5,0.38426740387031916,0.125,0.16666666666666666,0.11537193714976376,1.0,0.0,1.0
295,0.0,0.0,0.38426740387031916,0.0,0.0,0.2219351719591254,1.0,0.0,1.0
296,0.0,1.0,0.38426740387031916,0.0,0.0,0.03452016261949237,0.0,0.0,1.0
297,0.0,1.0,0.38426740387031916,0.0,0.0,0.034172069003406226,1.0,0.0,1.0
298,0.0,1.0,0.3779844181955265,0.0,0.0,0.03538072739259423,1.0,0.0,1.0
299,0.0,1.0,0.3779844181955265,0.0,0.0,0.03406219096802549,0.0,1.0,0.0
300,0.0,0.5,0.37170143252073384,0.0,0.0,0.04614877485990551,1.0,0.0,1.0
301,1.0,1.0,0.37170143252073384,0.0,0.0,0.04175365344467641,1.0,0.0,1.0
302,1.0,0.0,0.37170143252073384,0.0,0.0,0.13624876387210197,0.0,0.0,0.0
303,0.0,1.0,0.37170143252073384,0.125,0.0,0.07076145478518846,1.0,0.0,1.0
304,0.0,1.0,0.37170143252073384,0.0,0.0,0.03186463026041095,1.0,0.0,1.0
305,1.0,0.0,0.37170143252073384,0.0,0.0,0.4109438523239205,0.0,0.0,1.0
306,0.0,1.0,0.37170143252073384,0.0,0.0,0.03177321173497418,1.0,0.0,0.0
307,0.0,1.0,0.37170143252073384,0.0,0.0,0.031754752225030214,1.0,0.0,0.0
308,0.0,1.0,0.37170143252073384,0.125,0.16666666666666666,0.10614218217778267,0.0,0.0,1.0
309,1.0,0.0,0.37170143252073384,0.0,0.0,0.2502107460718603,0.0,0.0,0.0
310,0.0,0.5,0.37170143252073384,0.125,0.0,0.1054829139654983,1.0,0.0,0.0
311,0.0,0.5,0.37170143252073384,0.0,0.0,0.05713657839797825,1.0,0.0,1.0
312,0.0,1.0,0.37170143252073384,0.0,0.0,0.03538072739259423,1.0,0.0,1.0
313,1.0,0.5,0.37170143252073384,0.0,0.0,0.054279749478079335,0.0,1.0,0.0
314,0.0,0.5,0.37170143252073384,0.0,0.0,0.05713657839797825,1.0,0.0,1.0
315,1.0,1.0,0.37170143252073384,0.0,0.0,0.05482913965498297,0.0,0.0,1.0
316,1.0,0.5,0.37170143252073384,0.375,0.0,0.09229754971981102,0.0,0.0,1.0
317,1.0,0.0,0.37170143252073384,0.0,0.0,0.3801780024173168,0.0,0.0,1.0
318,1.0,0.0,0.37170143252073384,0.0,0.0,0.4677507966157565,0.0,0.0,0.0
319,1.0,0.5,0.37170143252073384,0.0,0.0,0.05713657839797825,0.0,0.0,1.0
320,0.0,1.0,0.37170143252073384,0.0,0.0,0.03538072739259423,1.0,0.0,1.0
321,0.0,1.0,0.37170143252073384,0.0,0.0,0.03807273925942204,0.0,0.0,1.0
322,0.0,0.5,0.37170143252073384,0.0,0.0,0.05713657839797825,1.0,0.0,1.0
323,0.0,0.0,0.37170143252073384,0.0,0.0,0.12196461927260742,1.0,0.0,0.0
324,0.0,1.0,0.37170143252073384,0.0,0.0,0.0347029996703659,1.0,0.0,1.0
325,0.0,1.0,0.35913546117114853,0.125,0.0,0.030967146467421165,1.0,0.0,1.0
326,0.0,1.0,0.35913546117114853,0.0,0.0,0.03538072739259423,1.0,0.0,1.0
327,0.0,1.0,0.35913546117114853,0.0,0.6666666666666666,0.0926271838259532,0.0,0.0,1.0
328,0.0,1.0,0.35913546117114853,0.125,0.16666666666666666,0.04598395780683442,0.0,0.0,1.0
329,1.0,0.0,0.35913546117114853,0.0,0.0,0.9288539720909791,0.0,0.0,1.0
330,0.0,0.5,0.35913546117114853,0.125,0.0,0.09229754971981102,1.0,0.0,1.0
331,1.0,1.0,0.35913546117114853,0.0,0.0,0.03406219096802549,1.0,1.0,0.0
332,1.0,1.0,0.35913546117114853,0.0,0.3333333333333333,0.06700714207229974,0.0,0.0,0.0
333,0.0,0.5,0.35913546117114853,0.0,0.0,0.04614877485990551,1.0,0.0,1.0
334,1.0,1.0,0.35913546117114853,0.0,0.0,0.0347029996703659,1.0,0.0,0.0
335,1.0,1.0,0.35913546117114853,0.0,0.0,0.04175365344467641,1.0,0.0,1.0
336,0.0,1.0,0.35913546117114853,0.0,0.0,0.034172069003406226,1.0,0.0,1.0
337,0.0,0.0,0.35913546117114853,0.125,0.0,0.2927150862542578,1.0,0.0,1.0
338,1.0,0.5,0.35913546117114853,0.0,0.0,0.04614877485990551,0.0,0.0,1.0
339,0.0,1.0,0.35913546117114853,0.0,0.0,0.04168025491704209,1.0,0.0,1.0
340,1.0,0.5,0.35913546117114853,0.125,0.0,0.1142731567959565,0.0,0.0,1.0
341,0.0,0.0,0.35913546117114853,0.0,0.0,0.13185364245687287,1.0,0.0,1.0
342,0.0,0.5,0.35913546117114853,0.125,0.0,0.12183628172728272,1.0,0.0,0.0
343,0.0,1.0,0.35913546117114853,0.0,0.0,0.034611581144929134,1.0,0.0,1.0
344,1.0,0.5,0.35913546117114853,0.125,0.0,0.1142731567959565,0.0,0.0,1.0
345,0.0,1.0,0.35285247549635584,0.0,0.0,0.07076145478518846,1.0,0.0,1.0
346,0.0,1.0,0.35285247549635584,0.0,0.0,0.03177321173497418,1.0,0.0,0.0
347,0.0,1.0,0.34656948982156316,0.0,0.0,0.09900010987803538,1.0,0.0,1.0
348,0.0,1.0,0.34656948982156316,0.125,0.0,0.06966267443138117,1.0,0.0,1.0
349,1.0,0.0,0.34656948982156316,0.0,0.0,0.15602681024063292,1.0,0.0,1.0
350,0.0,0.5,0.34656948982156316,0.0,0.16666666666666666,0.14503900670256017,1.0,0.0,1.0
351,1.0,0.5,0.34656948982156316,0.125,0.0,0.1142731567959565,0.0,0.0,1.0
352,1.0,0.5,0.34656948982156316,0.125,0.0,0.1054829139654983,0.0,0.0,0.0
353,1.0,0.0,0.34656948982156316,0.0,0.0,0.1166904735743325,1.0,0.0,1.0
354,0.0,1.0,0.34656948982156316,0.0,0.0,0.24830590045049997,1.0,0.0,1.0
355,0.0,0.0,0.34656948982156316,0.0,0.0,0.20701021865729044,1.0,0.0,1.0
356,1.0,0.5,0.34656948982156316,0.0,0.0,0.055598285902648065,0.0,0.0,1.0
357,0.0,1.0,0.34656948982156316,0.0,0.0,0.034263487528842985,1.0,0.0,1.0
358,0.0,1.0,0.34656948982156316,0.0,0.0,0.0347029996703659,1.0,0.0,1.0
359,0.0,1.0,0.34656948982156316,0.0,0.0,0.0347029996703659,0.0,0.0,1.0
360,0.0,1.0,0.34656948982156316,0.0,0.0,0.03452016261949237,1.0,0.0,1.0
361,0.0,0.0,0.34656948982156316,0.125,0.0,0.361150642786507,1.0,0.0,0.0
362,0.0,1.0,0.34656948982156316,0.0,0.0,0.0347029996703659,1.0,0.0,1.0
363,1.0,0.5,0.34656948982156316,0.0,0.0,0.05713657839797825,0.0,0.0,1.0
364,1.0,0.5,0.34656948982156316,0.0,0.0,0.05713657839797825,0.0,0.0,1.0
365,0.0,1.0,0.34656948982156316,0.25,0.0,0.03483133721569059,1.0,0.0,1.0
366,0.0,0.5,0.34656948982156316,0.0,0.0,0.05933413910559279,1.0,0.0,1.0
367,0.0,0.5,0.34656948982156316,0.0,0.0,0.05713657839797825,1.0,0.0,1.0
368,0.0,1.0,0.34656948982156316,0.125,0.16666666666666666,0.06328974837929899,0.0,0.0,1.0
369,0.0,0.5,0.34656948982156316,0.0,0.0,0.04614877485990551,1.0,0.0,1.0
370,0.0,1.0,0.34656948982156316,0.0,0.0,0.04175365344467641,1.0,0.0,1.0
371,0.0,1.0,0.34656948982156316,0.0,0.0,0.04175365344467641,1.0,0.0,1.0
372,0.0,0.5,0.33400351847197784,0.125,0.0,0.09229754971981102,0.0,0.0,1.0
373,1.0,1.0,0.33400351847197784,0.0,0.16666666666666666,0.05482913965498297,0.0,0.0,1.0
374,1.0,0.0,0.33400351847197784,0.0,0.0,0.33723415009339636,1.0,0.0,0.0
375,1.0,1.0,0.33400351847197784,0.0,0.0,0.03483133721569059,0.0,0.0,1.0
376,1.0,1.0,0.33400351847197784,0.0,0.3333333333333333,0.0489322052521701,0.0,0.0,1.0
377,0.0,0.5,0.33400351847197784,0.0,0.0,0.1142731567959565,1.0,0.0,1.0
378,1.0,1.0,0.33400351847197784,0.0,0.0,0.03807273925942204,1.0,0.0,1.0
379,0.0,0.5,0.33400351847197784,0.0,0.0,0.05713657839797825,1.0,0.0,1.0
380,1.0,1.0,0.33400351847197784,0.0,0.0,0.03065597187122294,1.0,0.0,1.0
381,0.0,0.5,0.33400351847197784,0.0,0.0,0.05713657839797825,1.0,0.0,1.0
382,1.0,0.5,0.33400351847197784,0.0,0.0,0.04614877485990551,0.0,0.0,1.0
383,0.0,1.0,0.33400351847197784,0.0,0.0,0.0347029996703659,1.0,0.0,1.0
384,0.0,0.0,0.33400351847197784,0.0,0.3333333333333333,0.9295681793209538,1.0,0.0,0.0
385,1.0,0.0,0.33400351847197784,0.0,0.0,0.13405120316448743,1.0,0.0,1.0
386,1.0,0.5,0.33400351847197784,0.125,0.0,0.06090891110866938,0.0,0.0,0.0
387,1.0,0.0,0.33400351847197784,0.125,0.0,0.233380947148665,1.0,0.0,1.0
388,0.0,1.0,0.33400351847197784,0.125,0.0,0.0635279639600044,1.0,0.0,0.0
389,1.0,1.0,0.33400351847197784,0.0,0.0,0.034263487528842985,1.0,0.0,1.0
390,0.0,0.5,0.32143754712239253,0.0,0.0,0.04614877485990551,1.0,0.0,1.0
391,1.0,0.0,0.32143754712239253,0.0,0.0,0.3465553235908142,0.0,0.0,1.0
392,0.0,1.0,0.32143754712239253,0.0,0.0,0.034172069003406226,1.0,0.0,1.0
393,0.0,0.5,0.32143754712239253,0.125,0.16666666666666666,0.1142731567959565,0.0,0.0,1.0
394,0.0,1.0,0.32143754712239253,0.0,0.0,0.03538072739259423,1.0,0.0,1.0
395,0.0,1.0,0.32143754712239253,0.125,0.0,0.0635279639600044,1.0,0.0,0.0
396,1.0,1.0,0.32143754712239253,0.0,0.0,0.03483133721569059,0.0,0.0,1.0
397,0.0,1.0,0.32143754712239253,0.0,0.0,0.0347029996703659,1.0,0.0,1.0
398,0.0,1.0,0.32143754712239253,0.125,0.0,0.07076145478518846,0.0,0.0,1.0
399,1.0,1.0,0.32143754712239253,0.0,0.0,0.08257334358861665,1.0,0.0,0.0
400,0.0,1.0,0.32143754712239253,0.125,0.3333333333333333,0.09042962311833865,1.0,0.0,1.0
401,0.0,1.0,0.32143754712239253,0.125,0.0,0.03452016261949237,1.0,0.0,1.0
402,0.0,1.0,0.32143754712239253,0.0,0.0,0.034666520162619494,1.0,0.0,1.0
403,1.0,1.0,0.32143754712239253,0.0,0.0,0.03452016261949237,0.0,0.0,1.0
404,1.0,1.0,0.32143754712239253,0.0,0.0,0.24830590045049997,1.0,0.0,1.0
405,0.0,1.0,0.32143754712239253,0.25,0.0,0.03807273925942204,1.0,0.0,1.0
406,0.0,1.0,0.32143754712239253,0.0,0.0,0.0347029996703659,1.0,0.0,1.0
407,1.0,0.0,0.32143754712239253,0.0,0.0,0.13185364245687287,1.0,0.0,0.0
408,0.0,1.0,0.3088715757728072,0.0,0.0,0.033622678826502585,1.0,0.0,1.0
409,1.0,0.5,0.3088715757728072,0.125,0.16666666666666666,0.13185364245687287,0.0,0.0,1.0
410,0.0,1.0,0.3088715757728072,0.0,0.0,0.03186463026041095,1.0,0.0,1.0
411,1.0,0.5,0.3088715757728072,0.0,0.16666666666666666,0.1142731567959565,0.0,0.0,1.0
412,0.0,1.0,0.3088715757728072,0.0,0.0,0.0347029996703659,1.0,0.0,1.0
413,0.0,1.0,0.3088715757728072,0.125,0.0,0.03483133721569059,0.0,0.0,1.0
414,0.0,1.0,0.3088715757728072,0.0,0.0,0.03402571146027909,1.0,1.0,0.0
415,1.0,1.0,0.3088715757728072,0.125,0.0,0.034172069003406226,1.0,0.0,1.0
416,0.0,1.0,0.3088715757728072,0.125,0.0,0.034172069003406226,1.0,0.0,1.0
417,0.0,0.5,0.3088715757728072,0.125,0.0,0.1142731567959565,1.0,0.0,1.0
418,0.0,1.0,0.3088715757728072,0.0,0.0,0.030985605977365126,1.0,0.0,1.0
419,0.0,1.0,0.3088715757728072,0.0,0.0,0.034172069003406226,0.0,0.0,1.0
420,1.0,0.0,0.3088715757728072,0.125,0.0,0.24367300296670696,1.0,0.0,0.0
421,0.0,1.0,0.3088715757728072,0.0,0.0,0.031754752225030214,1.0,0.0,0.0
422,1.0,1.0,0.3088715757728072,0.0,0.0,0.0,1.0,0.0,1.0
423,0.0,0.0,0.3088715757728072,0.125,0.3333333333333333,0.6660806504779695,0.0,0.0,1.0
424,0.0,1.0,0.3088715757728072,0.0,0.0,0.030985605977365126,1.0,0.0,1.0
425,0.0,0.5,0.3088715757728072,0.0,0.0,0.05713657839797825,1.0,0.0,1.0
426,0.0,1.0,0.3088715757728072,0.125,0.0,0.07823316119107791,1.0,0.0,1.0
427,0.0,0.5,0.3088715757728072,0.125,0.3333333333333333,0.18274563234809363,1.0,0.0,0.0
428,0.0,0.5,0.3088715757728072,0.0,0.0,0.05713657839797825,1.0,0.0,1.0
429,1.0,0.0,0.3088715757728072,0.125,0.0,0.4003041424019339,1.0,0.0,0.0
430,0.0,0.5,0.3088715757728072,0.0,0.0,0.05713657839797825,1.0,0.0,1.0
431,0.0,1.0,0.30258859009801453,0.0,0.0,0.03538072739259423,1.0,0.0,1.0
432,1.0,1.0,0.2963056044232219,0.0,0.3333333333333333,0.0733985276343259,0.0,0.0,1.0
433,0.0,1.0,0.2963056044232219,0.0,0.0,0.0347029996703659,1.0,0.0,1.0
434,1.0,0.5,0.2963056044232219,0.125,0.0,0.1142731567959565,0.0,0.0,1.0
435,0.0,0.0,0.2963056044232219,0.0,0.0,0.3480936160861444,1.0,0.0,0.0
436,0.0,0.5,0.2963056044232219,0.25,0.0,0.32304142401933855,1.0,0.0,1.0
437,0.0,1.0,0.2963056044232219,0.0,0.0,0.03538072739259423,1.0,0.0,1.0
438,1.0,0.0,0.2963056044232219,0.0,0.0,0.36549082518404574,0.0,0.0,0.0
439,0.0,1.0,0.2963056044232219,0.25,0.0,0.10614218217778267,1.0,0.0,1.0
440,1.0,0.5,0.2963056044232219,0.0,0.3333333333333333,0.0637292605208219,0.0,0.0,1.0
441,1.0,0.5,0.2963056044232219,0.25,0.16666666666666666,0.11866827821118558,0.0,0.0,1.0
442,0.0,0.5,0.2963056044232219,0.0,0.0,0.05713657839797825,0.0,0.0,1.0
443,0.0,1.0,0.2963056044232219,0.0,0.0,0.034263487528842985,1.0,0.0,1.0
444,0.0,1.0,0.2963056044232219,0.0,0.0,0.032944951104274256,1.0,0.0,1.0
445,1.0,1.0,0.2963056044232219,0.0,0.5,0.08464256675090649,0.0,0.0,0.0
446,1.0,0.5,0.2963056044232219,0.25,0.5,0.08240852653554555,0.0,0.0,1.0
447,0.0,0.5,0.2963056044232219,0.0,0.0,0.05713657839797825,1.0,0.0,1.0
448,1.0,0.5,0.2963056044232219,0.0,0.0,0.05713657839797825,0.0,0.0,1.0
449,1.0,1.0,0.2963056044232219,0.125,0.0,0.06966267443138117,0.0,0.0,1.0
450,0.0,1.0,0.2963056044232219,0.125,0.0,0.07076145478518846,1.0,0.0,1.0
451,1.0,0.5,0.2963056044232219,0.125,0.3333333333333333,0.2856828919898912,0.0,0.0,1.0
452,0.0,1.0,0.2963056044232219,0.0,0.0,0.030985605977365126,1.0,0.0,1.0
453,1.0,1.0,0.2963056044232219,0.0,0.0,0.031388638611141634,1.0,0.0,1.0
454,1.0,0.0,0.2963056044232219,0.0,0.0,0.2175769695637842,0.0,0.0,0.0
455,0.0,1.0,0.2963056044232219,0.0,0.0,0.04175365344467641,1.0,0.0,1.0
456,1.0,0.0,0.2963056044232219,0.0,0.0,0.3045819140753763,0.0,0.0,0.0
457,1.0,0.0,0.2963056044232219,0.0,0.0,0.3045819140753763,0.0,0.0,0.0
458,0.0,0.5,0.2963056044232219,0.0,0.0,0.04614877485990551,1.0,0.0,1.0
459,0.0,1.0,0.2963056044232219,0.0,0.0,0.038896824524777496,0.0,0.0,1.0
460,0.0,1.0,0.2900226187484292,0.0,0.0,0.03177321173497418,1.0,0.0,0.0
461,0.0,0.5,0.2837396330736366,0.0,0.0,0.05713657839797825,1.0,0.0,1.0
462,0.0,1.0,0.2837396330736366,0.0,0.0,0.0347029996703659,1.0,0.0,1.0
463,0.0,0.5,0.2837396330736366,0.0,0.0,0.05713657839797825,1.0,0.0,1.0
464,1.0,1.0,0.2837396330736366,0.0,0.0,0.03318316668497968,0.0,0.0,1.0
465,0.0,1.0,0.2837396330736366,0.0,0.0,0.03483133721569059,0.0,0.0,1.0
466,0.0,1.0,0.2837396330736366,0.0,0.0,0.03452016261949237,1.0,0.0,1.0
467,0.0,1.0,0.2837396330736366,0.0,0.0,0.040544995055488406,1.0,0.0,1.0
468,1.0,0.5,0.2837396330736366,0.0,0.0,0.06061619602241512,0.0,0.0,0.0
469,0.0,0.5,0.2837396330736366,0.0,0.0,0.06612811778925393,1.0,0.0,0.0
470,0.0,0.5,0.2837396330736366,0.0,0.0,0.04614877485990551,1.0,0.0,1.0
471,0.0,0.5,0.2837396330736366,0.0,0.0,0.05713657839797825,1.0,0.0,1.0
472,1.0,0.0,0.2837396330736366,0.125,0.0,0.49785737831007587,0.0,0.0,0.0
473,1.0,0.0,0.2837396330736366,0.0,0.16666666666666666,0.2784674211625096,1.0,0.0,0.0
474,0.0,0.5,0.2837396330736366,0.25,0.16666666666666666,0.0505438962751346,1.0,0.0,1.0
475,0.0,1.0,0.2711736617240512,0.0,0.0,0.039556092737061864,1.0,0.0,1.0
476,1.0,1.0,0.2711736617240512,0.0,0.0,0.03186463026041095,0.0,0.0,1.0
477,0.0,1.0,0.2711736617240512,0.0,0.0,0.034263487528842985,1.0,0.0,1.0
478,0.0,1.0,0.2711736617240512,0.0,0.0,0.04109438523239205,1.0,0.0,1.0
479,0.0,0.0,0.2711736617240512,0.0,0.0,0.5961248214481925,1.0,0.0,0.0
480,0.0,1.0,0.2711736617240512,0.0,0.0,0.03538072739259423,1.0,0.0,1.0
481,0.0,1.0,0.2711736617240512,0.0,0.0,0.031315240083507306,1.0,0.0,1.0
482,1.0,0.5,0.2711736617240512,0.125,0.16666666666666666,0.1274585210416438,0.0,0.0,1.0
483,1.0,0.0,0.2711736617240512,0.125,0.0,0.2927150862542578,0.0,0.0,1.0
484,0.0,1.0,0.2711736617240512,0.0,0.0,0.04622217338753983,0.0,0.0,1.0
485,0.0,1.0,0.2711736617240512,0.0,0.0,0.03305482913965499,1.0,0.0,1.0
486,1.0,1.0,0.2711736617240512,0.0,0.0,0.034172069003406226,0.0,0.0,1.0
487,1.0,0.5,0.2711736617240512,0.125,0.3333333333333333,0.18274563234809363,0.0,0.0,0.0
488,0.0,1.0,0.2711736617240512,0.125,0.0,0.03186463026041095,1.0,0.0,1.0
489,1.0,0.0,0.2711736617240512,0.0,0.3333333333333333,0.21755851005384025,0.0,0.0,0.0
490,0.0,1.0,0.2711736617240512,0.0,0.0,0.0347029996703659,1.0,0.0,1.0
491,0.0,1.0,0.2711736617240512,0.0,0.0,0.03186463026041095,1.0,0.0,1.0
492,0.0,1.0,0.2711736617240512,0.0,0.0,0.03538072739259423,1.0,0.0,1.0
493,0.0,1.0,0.2711736617240512,0.0,0.0,0.03177321173497418,1.0,0.0,0.0
494,1.0,0.0,0.2711736617240512,0.0,0.0,0.6660806504779695,0.0,0.0,1.0
495,1.0,0.0,0.2711736617240512,0.0,0.16666666666666666,0.24173167783760027,0.0,0.0,1.0
496,0.0,1.0,0.2711736617240512,0.0,0.0,0.04323700692231623,0.0,0.0,1.0
497,0.0,1.0,0.2711736617240512,0.0,0.0,0.0347029996703659,1.0,0.0,1.0
498,1.0,1.0,0.2711736617240512,0.0,0.0,0.03406219096802549,0.0,1.0,0.0
499,1.0,1.0,0.2711736617240512,0.0,0.0,0.03406219096802549,0.0,0.0,1.0
500,0.0,1.0,0.2711736617240512,0.0,0.0,0.03186463026041095,1.0,0.0,1.0
501,1.0,1.0,0.2711736617240512,0.0,0.0,0.031754752225030214,1.0,0.0,0.0
502,0.0,1.0,0.2586076903744659,0.0,0.0,0.03406219096802549,0.0,1.0,0.0
503,0.0,1.0,0.2586076903744659,0.0,0.0,0.034172069003406226,1.0,0.0,1.0
504,0.0,1.0,0.2586076903744659,0.0,0.0,0.07076145478518846,1.0,0.0,1.0
505,0.0,1.0,0.2586076903744659,0.0,0.0,0.033988792440391165,1.0,1.0,0.0
506,0.0,1.0,0.2586076903744659,0.125,0.0,0.043182067904625865,0.0,0.0,1.0
507,0.0,0.5,0.2586076903744659,0.0,0.0,0.32304142401933855,1.0,0.0,1.0
508,1.0,1.0,0.2586076903744659,0.0,0.0,0.034263487528842985,1.0,0.0,1.0
509,0.0,0.0,0.2586076903744659,0.0,0.16666666666666666,0.3396879463795187,1.0,0.0,1.0
510,0.0,1.0,0.2586076903744659,0.0,0.0,0.03483133721569059,1.0,0.0,1.0
511,0.0,1.0,0.2586076903744659,0.0,0.0,0.03807273925942204,1.0,0.0,1.0
512,0.0,0.5,0.2586076903744659,0.25,0.0,0.32304142401933855,1.0,0.0,1.0
513,1.0,0.5,0.2586076903744659,0.0,0.0,0.04614877485990551,0.0,0.0,1.0
514,0.0,0.5,0.2586076903744659,0.125,0.0,0.0505438962751346,1.0,0.0,1.0
515,0.0,1.0,0.2586076903744659,0.0,0.0,0.03186463026041095,1.0,0.0,1.0
516,0.0,1.0,0.2586076903744659,0.0,0.0,0.03483133721569059,1.0,0.0,1.0
517,0.0,1.0,0.2586076903744659,0.0,0.0,0.03538072739259423,1.0,0.0,1.0
518,1.0,0.0,0.2586076903744659,0.0,0.0,0.3426361938248544,0.0,0.0,1.0
519,0.0,1.0,0.2586076903744659,0.0,0.0,0.034281947038786946,1.0,0.0,1.0
520,0.0,1.0,0.2586076903744659,0.25,0.3333333333333333,0.15108229864850017,0.0,0.0,1.0
521,0.0,1.0,0.2586076903744659,0.0,0.0,0.03452016261949237,1.0,0.0,1.0
522,1.0,1.0,0.2586076903744659,0.0,0.0,0.033622678826502585,0.0,0.0,1.0
523,0.0,1.0,0.2586076903744659,0.0,0.0,0.03706537743105153,1.0,0.0,1.0
524,0.0,1.0,0.2586076903744659,0.0,0.0,0.03538072739259423,1.0,0.0,1.0
525,0.0,1.0,0.2523247046996733,0.0,0.0,0.03186463026041095,1.0,0.0,1.0
526,0.0,1.0,0.24604171902488062,0.0,0.0,0.017635424678606747,1.0,0.0,0.0
527,0.0,1.0,0.24604171902488062,0.0,0.0,0.030985605977365126,1.0,0.0,1.0
528,1.0,1.0,0.24604171902488062,0.0,0.0,0.03177321173497418,1.0,0.0,0.0
529,1.0,1.0,0.24604171902488062,0.125,0.16666666666666666,0.06918668278211186,1.0,0.0,0.0
530,0.0,1.0,0.24604171902488062,0.0,0.0,0.04327348643006264,1.0,0.0,1.0
531,0.0,1.0,0.24604171902488062,0.0,0.0,0.040544995055488406,1.0,0.0,1.0
532,0.0,1.0,0.24604171902488062,0.0,0.0,0.03807273925942204,1.0,0.0,1.0
533,0.0,1.0,0.24604171902488062,0.0,0.0,0.04175365344467641,1.0,0.0,1.0
534,0.0,1.0,0.24604171902488062,0.0,0.0,0.03452016261949237,1.0,0.0,1.0
535,0.0,1.0,0.24604171902488062,0.0,0.0,0.03452016261949237,1.0,0.0,1.0
536,0.0,1.0,0.24604171902488062,0.0,0.0,0.03538072739259423,1.0,0.0,1.0
537,0.0,1.0,0.24604171902488062,0.125,0.0,0.043182067904625865,0.0,0.0,1.0
538,0.0,1.0,0.24604171902488062,0.0,0.0,0.03807273925942204,0.0,0.0,1.0
539,0.0,1.0,0.24604171902488062,0.0,0.0,0.03483133721569059,1.0,0.0,1.0
540,1.0,1.0,0.24604171902488062,0.125,0.0,0.03483133721569059,1.0,0.0,1.0
541,0.0,0.0,0.2334757476752953,0.125,0.0,0.233380947148665,1.0,0.0,1.0
542,1.0,0.0,0.2334757476752953,0.125,0.0,0.4003041424019339,0.0,0.0,0.0
543,0.0,1.0,0.2334757476752953,0.0,0.0,0.04470190089001209,1.0,0.0,1.0
544,0.0,0.5,0.2334757476752953,0.0,0.0,0.04614877485990551,1.0,0.0,1.0
545,0.0,1.0,0.2334757476752953,0.0,0.0,0.029667069552796396,1.0,1.0,0.0
546,1.0,0.5,0.2334757476752953,0.0,0.0,0.04614877485990551,1.0,0.0,1.0
547,0.0,0.5,0.2334757476752953,0.0,0.0,0.05713657839797825,1.0,0.0,1.0
548,0.0,1.0,0.2334757476752953,0.0,0.0,0.0,1.0,0.0,1.0
549,0.0,1.0,0.2334757476752953,0.0,0.0,0.0637292605208219,1.0,0.0,1.0
550,1.0,0.5,0.2334757476752953,0.0,0.0,0.1142731567959565,0.0,0.0,1.0
551,1.0,0.5,0.2334757476752953,0.125,0.0,0.1142731567959565,0.0,0.0,1.0
552,0.0,1.0,0.2334757476752953,0.0,0.0,0.034172069003406226,1.0,0.0,1.0
553,0.0,1.0,0.2334757476752953,0.0,0.0,0.035856719041863536,1.0,0.0,1.0
554,0.0,0.5,0.2334757476752953,0.125,0.16666666666666666,0.16152071200966928,1.0,0.0,1.0
555,0.0,1.0,0.2334757476752953,0.0,0.0,0.03538072739259423,1.0,0.0,1.0
556,1.0,1.0,0.2334757476752953,0.0,0.0,0.03538072739259423,1.0,0.0,1.0
557,0.0,1.0,0.2334757476752953,0.0,0.0,0.0347029996703659,1.0,0.0,1.0
558,0.0,1.0,0.2334757476752953,0.0,0.0,0.0347029996703659,1.0,0.0,1.0
559,0.0,1.0,0.2334757476752953,0.0,0.0,0.0347029996703659,1.0,0.0,1.0
560,1.0,1.0,0.2334757476752953,0.0,0.0,0.034630040654873094,0.0,1.0,0.0
561,1.0,1.0,0.2334757476752953,0.125,0.0,0.03452016261949237,0.0,0.0,1.0
562,0.0,1.0,0.2334757476752953,0.0,0.0,0.033622678826502585,1.0,0.0,1.0
563,1.0,0.0,0.2334757476752953,0.0,0.0,0.13185364245687287,0.0,0.0,1.0
564,1.0,0.0,0.2334757476752953,0.0,0.3333333333333333,0.1155182946928909,0.0,0.0,1.0
565,0.0,0.0,0.22090977632571,0.125,0.0,0.4786287221184486,1.0,0.0,0.0
566,0.0,0.5,0.22090977632571,0.0,0.0,0.32304142401933855,1.0,0.0,1.0
567,1.0,0.0,0.22090977632571,0.0,0.3333333333333333,0.3500714207229975,0.0,0.0,1.0
568,1.0,0.0,0.22090977632571,0.125,0.0,1.0,0.0,0.0,0.0
569,0.0,1.0,0.22090977632571,0.25,0.0,0.07911218547412373,0.0,0.0,1.0
570,0.0,1.0,0.22090977632571,0.0,0.0,0.034172069003406226,0.0,0.0,1.0
571,0.0,1.0,0.22090977632571,0.0,0.0,0.03406219096802549,1.0,0.0,1.0
572,0.0,1.0,0.22090977632571,0.0,0.0,0.034172069003406226,1.0,0.0,1.0
573,0.0,1.0,0.22090977632571,0.125,0.16666666666666666,0.0888363916053181,1.0,0.0,1.0
574,0.0,0.5,0.22090977632571,0.0,0.0,0.0505438962751346,1.0,0.0,1.0
575,1.0,1.0,0.22090977632571,0.0,0.0,0.032944951104274256,0.0,0.0,1.0
576,0.0,1.0,0.22090977632571,0.0,0.0,0.034263487528842985,1.0,0.0,1.0
577,0.0,1.0,0.22090977632571,0.125,0.16666666666666666,0.03452016261949237,1.0,0.0,1.0
578,0.0,0.5,0.22090977632571,0.0,0.0,0.0505438962751346,1.0,0.0,1.0
579,1.0,1.0,0.22090977632571,0.0,0.0,0.03538072739259423,1.0,0.0,1.0
580,1.0,0.5,0.22090977632571,0.0,0.16666666666666666,0.1010877925502692,0.0,0.0,1.0
581,1.0,1.0,0.22090977632571,0.0,0.16666666666666666,0.04109438523239205,0.0,0.0,1.0
582,0.0,1.0,0.22090977632571,0.125,0.0,0.07823316119107791,0.0,0.0,1.0
583,0.0,1.0,0.22090977632571,0.0,0.0,0.0364795077464015,1.0,0.0,1.0
584,1.0,0.5,0.22090977632571,0.0,0.3333333333333333,0.05713657839797825,0.0,0.0,1.0
585,1.0,1.0,0.22090977632571,0.0,0.0,0.04325546643226019,0.0,0.0,1.0
586,0.0,1.0,0.22090977632571,0.0,0.0,0.029667069552796396,0.0,1.0,0.0
587,0.0,0.5,0.22090977632571,0.0,0.0,0.05713657839797825,1.0,0.0,1.0
588,0.0,1.0,0.22090977632571,0.125,0.0,0.028549829689045163,1.0,0.0,1.0
589,0.0,1.0,0.22090977632571,0.0,0.16666666666666666,0.0635279639600044,0.0,0.0,0.0
590,1.0,0.5,0.20834380497612465,0.0,0.0,0.04614877485990551,0.0,0.0,1.0
591,0.0,1.0,0.20834380497612465,0.0,0.0,0.06354598395780683,0.0,0.0,0.0
592,1.0,0.0,0.20834380497612465,0.125,0.0,0.25052192066805845,0.0,0.0,1.0
593,0.0,1.0,0.20834380497612465,0.0,0.0,0.03807273925942204,1.0,0.0,1.0
594,1.0,0.0,0.20834380497612465,0.125,0.0,0.4786287221184486,0.0,0.0,0.0
595,1.0,0.0,0.20834380497612465,0.0,0.3333333333333333,0.48734556642127247,1.0,0.0,0.0
596,1.0,1.0,0.20834380497612465,0.5,0.3333333333333333,0.03483133721569059,0.0,0.0,1.0
597,0.0,1.0,0.20834380497612465,0.0,0.0,0.03807273925942204,1.0,0.0,1.0
598,0.0,1.0,0.20834380497612465,0.0,0.0,0.03807273925942204,1.0,0.0,1.0
599,0.0,1.0,0.20834380497612465,0.125,0.16666666666666666,0.03177321173497418,1.0,0.0,0.0
600,1.0,0.5,0.20834380497612465,0.0,0.0,0.05274145698274915,0.0,0.0,0.0
601,0.0,1.0,0.20834380497612465,0.0,0.0,0.031315240083507306,1.0,0.0,1.0
602,0.0,1.0,0.20834380497612465,0.125,0.0,0.03100406548730909,1.0,0.0,1.0
603,0.0,1.0,0.19577783362653933,0.0,0.0,0.04175365344467641,1.0,0.0,1.0
604,0.0,0.5,0.19577783362653933,0.0,0.0,0.04614877485990551,1.0,0.0,1.0
605,0.0,1.0,0.19577783362653933,0.0,0.0,0.040508515547742006,1.0,0.0,1.0
606,0.0,1.0,0.19577783362653933,0.125,0.16666666666666666,0.08900120865838919,1.0,0.0,1.0
607,1.0,0.0,0.19577783362653933,0.0,0.0,0.3801780024173168,0.0,0.0,1.0
608,0.0,0.5,0.19577783362653933,0.0,0.0,0.1142731567959565,1.0,0.0,1.0
609,0.0,1.0,0.19577783362653933,0.25,0.0,0.07911218547412373,1.0,0.0,1.0
610,0.0,1.0,0.19577783362653933,0.625,0.3333333333333333,0.2061311943742446,0.0,0.0,1.0
611,1.0,0.0,0.19577783362653933,0.0,0.16666666666666666,0.2548256235578508,0.0,0.0,0.0
612,0.0,1.0,0.19577783362653933,0.0,0.0,0.03538072739259423,1.0,0.0,1.0
613,1.0,1.0,0.19577783362653933,0.0,0.0,0.033988792440391165,0.0,1.0,0.0
614,0.0,1.0,0.19577783362653933,0.5,0.16666666666666666,0.17443138116690474,1.0,0.0,1.0
615,1.0,0.0,0.19577783362653933,0.0,0.16666666666666666,0.17316778376002637,0.0,0.0,1.0
616,0.0,1.0,0.19577783362653933,0.125,0.5,0.15108229864850017,1.0,0.0,1.0
617,0.0,1.0,0.19577783362653933,0.0,0.0,0.034172069003406226,1.0,0.0,1.0
618,1.0,1.0,0.19577783362653933,0.0,0.0,0.03538072739259423,1.0,0.0,1.0
619,1.0,1.0,0.19577783362653933,0.0,0.0,0.03406219096802549,0.0,1.0,0.0
620,1.0,1.0,0.18321186227695402,0.125,0.0,0.0635279639600044,0.0,0.0,0.0
621,1.0,0.0,0.18321186227695402,0.0,0.16666666666666666,0.9288539720909791,0.0,0.0,1.0
622,1.0,1.0,0.18321186227695402,0.0,0.0,0.035289308867157455,0.0,1.0,0.0
623,1.0,1.0,0.18321186227695402,0.0,0.0,0.031754752225030214,0.0,0.0,0.0
624,0.0,1.0,0.18321186227695402,0.125,0.16666666666666666,0.03177321173497418,1.0,0.0,0.0
625,0.0,1.0,0.17692887660216136,0.125,0.0,0.0635279639600044,0.0,0.0,0.0
626,1.0,1.0,0.17064589092736868,0.125,0.0,0.049408636413580925,0.0,0.0,0.0
627,0.0,1.0,0.17064589092736868,0.0,0.0,0.03452016261949237,0.0,0.0,1.0
628,1.0,0.5,0.17064589092736868,0.125,0.0,0.1321648170530711,0.0,0.0,0.0
629,1.0,0.0,0.17064589092736868,0.125,0.3333333333333333,0.5274145698274915,0.0,0.0,1.0
630,0.0,1.0,0.17064589092736868,0.5,0.16666666666666666,0.17443138116690474,1.0,0.0,1.0
631,0.0,1.0,0.17064589092736868,0.625,0.3333333333333333,0.2061311943742446,1.0,0.0,1.0
632,1.0,1.0,0.15807991957778336,0.0,0.0,0.03177321173497418,0.0,0.0,0.0
633,1.0,0.5,0.15807991957778336,0.0,0.16666666666666666,0.08570486759696737,0.0,0.0,1.0
634,1.0,1.0,0.14551394822819805,0.125,0.0,0.049408636413580925,1.0,0.0,0.0
635,0.0,1.0,0.1329479768786127,0.5,0.3333333333333333,0.13745742226128996,0.0,0.0,1.0
636,0.0,1.0,0.1329479768786127,0.0,0.0,0.08257334358861665,1.0,0.0,0.0
637,1.0,0.0,0.1329479768786127,0.125,0.3333333333333333,0.5274145698274915,1.0,0.0,1.0
638,0.0,1.0,0.1329479768786127,0.625,0.3333333333333333,0.2061311943742446,1.0,0.0,1.0
639,0.0,1.0,0.12038200552902739,0.0,0.3333333333333333,0.10614218217778267,0.0,0.0,1.0
640,0.0,1.0,0.12038200552902739,0.375,0.3333333333333333,0.12262388748489177,1.0,0.0,1.0
641,0.0,1.0,0.10781603417944208,0.125,0.16666666666666666,0.06700714207229974,0.0,0.0,0.0
642,0.0,1.0,0.10781603417944208,0.5,0.3333333333333333,0.13795187342050325,1.0,0.0,1.0
643,0.0,1.0,0.10781603417944208,0.25,0.3333333333333333,0.15108229864850017,0.0,0.0,1.0
644,0.0,1.0,0.10781603417944208,0.375,0.3333333333333333,0.12262388748489177,0.0,0.0,1.0
645,1.0,1.0,0.10781603417944208,0.125,0.16666666666666666,0.06988243050214263,1.0,0.0,1.0
646,0.0,1.0,0.10781603417944208,0.625,0.3333333333333333,0.2061311943742446,1.0,0.0,1.0
647,0.0,1.0,0.10781603417944208,0.5,0.3333333333333333,0.13745742226128996,0.0,0.0,1.0
648,1.0,1.0,0.10781603417944208,0.0,0.3333333333333333,0.09020986704757719,1.0,0.0,1.0
649,0.0,1.0,0.09525006282985675,0.375,0.16666666666666666,0.0926271838259532,0.0,0.0,1.0
650,0.0,1.0,0.09525006282985675,0.5,0.16666666666666666,0.12800791121854743,1.0,1.0,0.0
651,1.0,0.5,0.09525006282985675,0.0,0.3333333333333333,0.11537193714976376,0.0,0.0,1.0
652,1.0,0.5,0.09525006282985675,0.125,0.16666666666666666,0.16152071200966928,1.0,0.0,1.0
653,1.0,0.5,0.08268409148027142,0.0,0.3333333333333333,0.11537193714976376,0.0,0.0,1.0
654,0.0,1.0,0.08268409148027142,0.5,0.16666666666666666,0.12800791121854743,1.0,1.0,0.0
655,0.0,1.0,0.08268409148027142,0.5,0.16666666666666666,0.17443138116690474,1.0,0.0,1.0
656,1.0,0.5,0.0701181201306861,0.0,0.16666666666666666,0.14503900670256017,0.0,0.0,1.0
657,0.0,1.0,0.0701181201306861,0.5,0.3333333333333333,0.13745742226128996,0.0,0.0,1.0
658,1.0,1.0,0.0701181201306861,0.0,0.16666666666666666,0.05482913965498297,1.0,0.0,1.0
659,1.0,1.0,0.05755214878110078,0.5,0.3333333333333333,0.13795187342050325,0.0,0.0,1.0
660,1.0,1.0,0.05755214878110078,0.25,0.16666666666666666,0.08464256675090649,0.0,0.0,0.0
661,1.0,1.0,0.05755214878110078,0.0,0.0,0.05482913965498297,0.0,0.0,1.0
662,1.0,0.5,0.05755214878110078,0.125,0.3333333333333333,0.12196461927260742,0.0,0.0,1.0
663,0.0,1.0,0.04498617743151546,0.5,0.3333333333333333,0.13745742226128996,1.0,0.0,1.0
664,0.0,1.0,0.04498617743151546,0.5,0.16666666666666666,0.12800791121854743,1.0,1.0,0.0
665,1.0,0.5,0.04498617743151546,0.25,0.16666666666666666,0.17140973519393474,0.0,0.0,1.0
666,0.0,1.0,0.04498617743151546,0.375,0.3333333333333333,0.12262388748489177,1.0,0.0,1.0
667,1.0,1.0,0.04498617743151546,0.125,0.16666666666666666,0.0733985276343259,0.0,0.0,1.0
668,1.0,1.0,0.04498617743151546,0.125,0.16666666666666666,0.0489322052521701,1.0,0.0,1.0
669,1.0,1.0,0.04498617743151546,0.0,0.16666666666666666,0.05896802549170421,0.0,0.0,0.0
670,1.0,0.0,0.04498617743151546,0.0,0.3333333333333333,0.3597771673442479,1.0,0.0,1.0
671,1.0,0.5,0.04498617743151546,0.125,0.16666666666666666,0.1010877925502692,0.0,0.0,1.0
672,1.0,1.0,0.04498617743151546,0.0,0.3333333333333333,0.09680254917042083,0.0,0.0,1.0
673,1.0,0.5,0.032420206081930136,0.125,0.16666666666666666,0.1142731567959565,1.0,0.0,1.0
674,1.0,1.0,0.032420206081930136,0.125,0.16666666666666666,0.06988243050214263,1.0,0.0,1.0
675,1.0,0.5,0.032420206081930136,0.125,0.16666666666666666,0.08240852653554555,1.0,0.0,1.0
676,1.0,1.0,0.032420206081930136,0.5,0.3333333333333333,0.13795187342050325,1.0,0.0,1.0
677,1.0,0.5,0.032420206081930136,0.125,0.3333333333333333,0.18274563234809363,0.0,0.0,0.0
678,0.0,1.0,0.032420206081930136,0.375,0.16666666666666666,0.0926271838259532,0.0,0.0,1.0
679,0.0,1.0,0.01985423473234481,0.5,0.16666666666666666,0.12800791121854743,1.0,1.0,0.0
680,1.0,1.0,0.01985423473234481,0.0,0.16666666666666666,0.054005054389627515,0.0,0.0,1.0
681,0.0,1.0,0.01985423473234481,0.375,0.16666666666666666,0.0926271838259532,1.0,0.0,1.0
682,1.0,0.5,0.01985423473234481,0.125,0.16666666666666666,0.1142731567959565,1.0,0.0,1.0
683,1.0,0.5,0.01985423473234481,0.125,0.16666666666666666,0.1142731567959565,0.0,0.0,1.0
684,0.0,1.0,0.01985423473234481,0.5,0.3333333333333333,0.13745742226128996,0.0,0.0,1.0
685,0.0,1.0,0.01985423473234481,0.5,0.16666666666666666,0.17443138116690474,1.0,0.0,1.0
686,0.0,0.0,0.01985423473234481,0.125,0.3333333333333333,0.6660806504779695,0.0,0.0,1.0
687,0.0,1.0,0.01985423473234481,0.0,0.16666666666666666,0.04598395780683442,0.0,0.0,1.0
688,0.0,1.0,0.01985423473234481,0.375,0.3333333333333333,0.12262388748489177,0.0,0.0,1.0
689,1.0,0.5,0.007288263382759488,0.25,0.16666666666666666,0.17140973519393474,1.0,0.0,1.0
690,1.0,0.5,0.007288263382759488,0.0,0.3333333333333333,0.1626379518734205,1.0,0.0,0.0
691,1.0,1.0,0.007288263382759488,0.0,0.3333333333333333,0.06918668278211186,0.0,0.0,0.0
692,0.0,1.0,0.007288263382759488,0.5,0.16666666666666666,0.17443138116690474,1.0,0.0,1.0
693,1.0,1.0,0.007288263382759488,0.125,0.16666666666666666,0.0489322052521701,0.0,0.0,1.0
694,1.0,1.0,0.007288263382759488,0.125,0.3333333333333333,0.09042962311833865,1.0,0.0,1.0
695,0.0,1.0,0.007288263382759488,0.625,0.3333333333333333,0.2061311943742446,1.0,0.0,1.0
696,1.0,0.0,0.006282985674792663,0.125,0.3333333333333333,0.6660806504779695,1.0,0.0,1.0
697,1.0,0.5,0.005152048253329982,0.125,0.16666666666666666,0.08240852653554555,1.0,0.0,1.0
698,1.0,0.5,0.005152048253329982,0.0,0.3333333333333333,0.1274585210416438,1.0,0.0,1.0
699,1.0,1.0,0.0041467705453631576,0.25,0.16666666666666666,0.08464256675090649,0.0,0.0,0.0
700,1.0,1.0,0.0041467705453631576,0.25,0.16666666666666666,0.08464256675090649,0.0,0.0,0.0
701,1.0,0.5,0.003141492837396331,0.125,0.16666666666666666,0.0637292605208219,1.0,0.0,1.0
702,1.0,1.0,0.0,0.0,0.16666666666666666,0.03743193055708164,1.0,0.0,0.0
703,0.0,0.0,0.36752177237752814,0.0,0.0,0.0,1.0,0.0,1.0
704,0.0,0.5,0.36752177237752814,0.0,0.0,0.0,1.0,0.0,1.0
705,0.0,0.5,0.36752177237752814,0.0,0.0,0.0,1.0,0.0,1.0
706,0.0,0.5,0.36752177237752814,0.0,0.0,0.0,1.0,0.0,1.0
707,0.0,0.5,0.36752177237752814,0.0,0.0,0.0,1.0,0.0,1.0
708,0.0,0.5,0.36752177237752814,0.0,0.0,0.0,1.0,0.0,1.0
709,0.0,0.0,0.36752177237752814,0.0,0.0,0.0,1.0,0.0,1.0
710,0.0,0.5,0.36752177237752814,0.0,0.0,0.0,1.0,0.0,1.0
711,0.0,1.0,0.36752177237752814,0.0,0.0,0.030143061202065707,1.0,1.0,0.0
712,0.0,1.0,0.36752177237752814,0.0,0.0,0.030546093835842218,1.0,1.0,0.0
713,0.0,1.0,0.36752177237752814,0.0,0.0,0.030985605977365126,1.0,0.0,1.0
714,0.0,1.0,0.36752177237752814,0.0,0.0,0.031754752225030214,1.0,0.0,0.0
715,0.0,1.0,0.36752177237752814,0.0,0.0,0.031754752225030214,1.0,0.0,0.0
716,0.0,1.0,0.36752177237752814,0.0,0.0,0.031754752225030214,1.0,0.0,0.0
717,0.0,1.0,0.36752177237752814,0.0,0.0,0.031754752225030214,1.0,0.0,0.0
718,1.0,1.0,0.36752177237752814,0.0,0.0,0.031754752225030214,0.0,0.0,0.0
719,0.0,1.0,0.36752177237752814,0.0,0.0,0.031754752225030214,1.0,0.0,0.0
720,1.0,1.0,0.36752177237752814,0.0,0.0,0.03177321173497418,0.0,0.0,0.0
721,0.0,1.0,0.36752177237752814,0.0,0.0,0.03177321173497418,1.0,0.0,0.0
722,0.0,1.0,0.36752177237752814,0.0,0.0,0.03177321173497418,1.0,0.0,0.0
723,1.0,1.0,0.36752177237752814,0.0,0.0,0.03177321173497418,1.0,0.0,0.0
724,0.0,1.0,0.36752177237752814,0.0,0.0,0.03177321173497418,1.0,0.0,0.0
725,0.0,1.0,0.36752177237752814,0.0,0.0,0.03177321173497418,1.0,0.0,0.0
726,0.0,1.0,0.36752177237752814,0.0,0.0,0.03177321173497418,1.0,0.0,0.0
727,0.0,1.0,0.36752177237752814,0.0,0.0,0.03186463026041095,1.0,0.0,1.0
728,0.0,1.0,0.36752177237752814,0.0,0.0,0.03186463026041095,1.0,0.0,1.0
729,0.0,1.0,0.36752177237752814,0.0,0.0,0.03186463026041095,1.0,0.0,1.0
730,0.0,1.0,0.36752177237752814,0.0,0.0,0.03213932534886276,1.0,0.0,1.0
731,0.0,1.0,0.36752177237752814,0.0,0.0,0.03318316668497968,1.0,0.0,1.0
732,0.0,1.0,0.36752177237752814,0.0,0.0,0.03318316668497968,0.0,0.0,1.0
733,0.0,1.0,0.36752177237752814,0.0,0.0,0.03353126030106582,0.0,1.0,0.0
734,0.0,1.0,0.36752177237752814,0.0,0.0,0.033952312932644765,1.0,1.0,0.0
735,0.0,1.0,0.36752177237752814,0.0,0.0,0.033970772442588726,1.0,1.0,0.0
736,0.0,1.0,0.36752177237752814,0.0,0.0,0.033988792440391165,1.0,1.0,0.0
737,1.0,1.0,0.36752177237752814,0.0,0.0,0.033988792440391165,0.0,1.0,0.0
738,1.0,1.0,0.36752177237752814,0.0,0.0,0.03400725195033513,0.0,1.0,0.0
739,0.0,1.0,0.36752177237752814,0.0,0.0,0.03400725195033513,1.0,1.0,0.0
740,0.0,1.0,0.36752177237752814,0.125,0.0,0.03406219096802549,1.0,1.0,0.0
741,0.0,1.0,0.36752177237752814,0.0,0.0,0.03406219096802549,1.0,1.0,0.0
742,0.0,1.0,0.36752177237752814,0.0,0.0,0.03406219096802549,1.0,1.0,0.0
743,1.0,1.0,0.36752177237752814,0.0,0.0,0.03406219096802549,0.0,1.0,0.0
744,0.0,1.0,0.36752177237752814,0.0,0.0,0.03406219096802549,1.0,1.0,0.0
745,0.0,1.0,0.36752177237752814,0.0,0.0,0.03406219096802549,1.0,1.0,0.0
746,1.0,1.0,0.36752177237752814,0.0,0.0,0.03406219096802549,1.0,1.0,0.0
747,1.0,1.0,0.36752177237752814,0.0,0.0,0.03406219096802549,0.0,1.0,0.0
748,0.0,1.0,0.36752177237752814,0.0,0.0,0.03406219096802549,0.0,1.0,0.0
749,0.0,1.0,0.36752177237752814,0.0,0.0,0.03406219096802549,1.0,1.0,0.0
750,1.0,1.0,0.36752177237752814,0.0,0.0,0.03406219096802549,0.0,1.0,0.0
751,0.0,1.0,0.36752177237752814,0.0,0.0,0.03406219096802549,1.0,1.0,0.0
752,0.0,1.0,0.36752177237752814,0.0,0.0,0.03406219096802549,1.0,1.0,0.0
753,0.0,1.0,0.36752177237752814,0.0,0.3333333333333333,0.03406219096802549,0.0,1.0,0.0
754,0.0,1.0,0.36752177237752814,0.0,0.0,0.03406219096802549,1.0,1.0,0.0
755,1.0,1.0,0.36752177237752814,0.0,0.0,0.03406219096802549,0.0,1.0,0.0
756,1.0,1.0,0.36752177237752814,0.0,0.0,0.03406219096802549,0.0,1.0,0.0
757,1.0,1.0,0.36752177237752814,0.0,0.0,0.03406219096802549,0.0,1.0,0.0
758,1.0,1.0,0.36752177237752814,0.0,0.0,0.03406219096802549,0.0,1.0,0.0
759,0.0,1.0,0.36752177237752814,0.0,0.0,0.03406219096802549,1.0,1.0,0.0
760,1.0,1.0,0.36752177237752814,0.0,0.0,0.034172069003406226,1.0,0.0,1.0
761,0.0,1.0,0.36752177237752814,0.0,0.0,0.034172069003406226,1.0,0.0,1.0
762,1.0,1.0,0.36752177237752814,0.0,0.0,0.034227008021096586,0.0,1.0,0.0
763,0.0,1.0,0.36752177237752814,0.0,0.0,0.03441028458411164,1.0,1.0,0.0
764,1.0,1.0,0.36752177237752814,0.0,0.0,0.03441028458411164,0.0,1.0,0.0
765,1.0,1.0,0.36752177237752814,0.0,0.0,0.034630040654873094,0.0,1.0,0.0
766,1.0,1.0,0.36752177237752814,0.0,0.0,0.034630040654873094,0.0,1.0,0.0
767,1.0,1.0,0.36752177237752814,0.0,0.0,0.034630040654873094,0.0,1.0,0.0
768,0.0,1.0,0.36752177237752814,0.0,0.0,0.0347029996703659,1.0,0.0,1.0
769,0.0,1.0,0.36752177237752814,0.0,0.0,0.0347029996703659,1.0,0.0,1.0
770,0.0,1.0,0.36752177237752814,0.0,0.0,0.0347029996703659,1.0,0.0,1.0
771,0.0,1.0,0.36752177237752814,0.0,0.0,0.0347029996703659,1.0,0.0,0.0
772,0.0,1.0,0.36752177237752814,0.0,0.0,0.0347029996703659,1.0,0.0,1.0
773,0.0,1.0,0.36752177237752814,0.0,0.0,0.0347029996703659,1.0,0.0,1.0
774,0.0,1.0,0.36752177237752814,0.0,0.0,0.0347029996703659,1.0,0.0,1.0
775,0.0,1.0,0.36752177237752814,0.0,0.0,0.0347029996703659,1.0,0.0,1.0
776,0.0,1.0,0.36752177237752814,0.0,0.0,0.0347029996703659,1.0,0.0,1.0
777,0.0,1.0,0.36752177237752814,0.0,0.0,0.0347029996703659,1.0,0.0,0.0
778,0.0,1.0,0.36752177237752814,0.0,0.0,0.0347029996703659,1.0,0.0,1.0
779,0.0,1.0,0.36752177237752814,0.0,0.0,0.0347029996703659,1.0,0.0,1.0
780,0.0,1.0,0.36752177237752814,0.0,0.0,0.0347029996703659,1.0,0.0,1.0
781,0.0,1.0,0.36752177237752814,0.0,0.0,0.0347029996703659,1.0,0.0,1.0
782,0.0,1.0,0.36752177237752814,0.0,0.0,0.0347029996703659,1.0,0.0,1.0
783,0.0,1.0,0.36752177237752814,0.0,0.0,0.03538072739259423,1.0,0.0,1.0
784,0.0,1.0,0.36752177237752814,0.0,0.0,0.03538072739259423,1.0,0.0,1.0
785,0.0,1.0,0.36752177237752814,0.0,0.0,0.03538072739259423,1.0,0.0,1.0
786,0.0,1.0,0.36752177237752814,0.0,0.0,0.03538072739259423,1.0,0.0,1.0
787,0.0,1.0,0.36752177237752814,0.0,0.0,0.03538072739259423,1.0,0.0,1.0
788,0.0,1.0,0.36752177237752814,0.0,0.0,0.03538072739259423,1.0,0.0,1.0
789,0.0,1.0,0.36752177237752814,0.0,0.0,0.03538072739259423,0.0,0.0,1.0
790,0.0,1.0,0.36752177237752814,0.0,0.0,0.03538072739259423,1.0,0.0,1.0
791,0.0,1.0,0.36752177237752814,0.0,0.0,0.03538072739259423,1.0,0.0,1.0
792,0.0,1.0,0.36752177237752814,0.0,0.0,0.03538072739259423,1.0,0.0,1.0
793,0.0,1.0,0.36752177237752814,0.0,0.0,0.03538072739259423,1.0,0.0,1.0
794,0.0,1.0,0.36752177237752814,0.0,0.0,0.03538072739259423,1.0,0.0,1.0
795,0.0,1.0,0.36752177237752814,0.0,0.0,0.03538072739259423,0.0,0.0,1.0
796,0.0,1.0,0.36752177237752814,0.0,0.0,0.03538072739259423,1.0,0.0,1.0
797,1.0,1.0,0.36752177237752814,0.0,0.0,0.03565542248104604,1.0,0.0,1.0
798,0.0,1.0,0.36752177237752814,0.0,0.0,0.03576530051642676,0.0,1.0,0.0
799,0.0,1.0,0.36752177237752814,0.0,0.0,0.03717525546643226,1.0,1.0,0.0
800,0.0,1.0,0.36752177237752814,0.0,0.0,0.03807273925942204,1.0,0.0,1.0
801,0.0,1.0,0.36752177237752814,0.0,0.0,0.0382924953301835,1.0,0.0,0.0
802,0.0,1.0,0.36752177237752814,0.0,0.0,0.04175365344467641,1.0,0.0,1.0
803,1.0,0.5,0.36752177237752814,0.0,0.0,0.054279749478079335,0.0,1.0,0.0
804,1.0,0.5,0.36752177237752814,0.0,0.0,0.05713657839797825,1.0,0.0,1.0
805,1.0,0.5,0.36752177237752814,0.0,0.0,0.06092737061861335,1.0,0.0,0.0
806,0.0,1.0,0.36752177237752814,0.125,0.0,0.0635279639600044,0.0,0.0,0.0
807,0.0,1.0,0.36752177237752814,0.0,0.0,0.06354598395780683,1.0,0.0,0.0
808,0.0,1.0,0.36752177237752814,0.125,0.0,0.06354598395780683,0.0,0.0,0.0
809,0.0,1.0,0.36752177237752814,0.0,0.0,0.0637292605208219,1.0,0.0,1.0
810,0.0,1.0,0.36752177237752814,0.0,0.0,0.0637292605208219,1.0,0.0,1.0
811,0.0,0.5,0.36752177237752814,0.0,0.0,0.0661465772991979,1.0,0.0,0.0
812,0.0,1.0,0.36752177237752814,0.0,0.0,0.06636633336995935,1.0,0.0,1.0
813,1.0,1.0,0.36752177237752814,0.125,0.16666666666666666,0.06700714207229974,1.0,0.0,0.0
814,0.0,1.0,0.36752177237752814,0.0,0.3333333333333333,0.06700714207229974,0.0,0.0,0.0
815,1.0,1.0,0.36752177237752814,0.125,0.16666666666666666,0.06700714207229974,1.0,0.0,0.0
816,1.0,1.0,0.36752177237752814,0.125,0.0,0.06812438193605098,0.0,1.0,0.0
817,0.0,1.0,0.36752177237752814,0.125,0.0,0.06812438193605098,1.0,1.0,0.0
818,0.0,1.0,0.36752177237752814,0.0,0.0,0.06812438193605098,1.0,1.0,0.0
819,0.0,1.0,0.36752177237752814,0.125,0.0,0.06812438193605098,1.0,1.0,0.0
820,1.0,1.0,0.36752177237752814,0.125,0.0,0.06812438193605098,0.0,1.0,0.0
821,1.0,1.0,0.36752177237752814,0.125,0.0,0.06812438193605098,0.0,1.0,0.0
822,1.0,1.0,0.36752177237752814,0.125,0.0,0.07076145478518846,0.0,0.0,1.0
823,0.0,1.0,0.36752177237752814,0.125,0.0,0.07076145478518846,1.0,0.0,1.0
824,1.0,1.0,0.36752177237752814,0.125,0.0,0.07076145478518846,0.0,0.0,1.0
825,0.0,1.0,0.36752177237752814,0.125,0.0,0.0877560707614548,1.0,0.0,1.0
826,0.0,1.0,0.36752177237752814,0.125,0.0,0.0877560707614548,1.0,0.0,1.0
827,0.0,1.0,0.36752177237752814,0.25,0.0,0.09528271618503463,1.0,0.0,0.0
828,1.0,1.0,0.36752177237752814,0.125,0.16666666666666666,0.0982674431381167,0.0,0.0,0.0
829,1.0,1.0,0.36752177237752814,0.0,0.3333333333333333,0.0982674431381167,0.0,0.0,0.0
830,1.0,1.0,0.36752177237752814,0.25,0.0,0.10218657290407648,1.0,1.0,0.0
831,1.0,1.0,0.36752177237752814,0.25,0.0,0.10218657290407648,0.0,1.0,0.0
832,0.0,1.0,0.36752177237752814,0.125,0.3333333333333333,0.1030655971871223,0.0,0.0,1.0
833,0.0,1.0,0.36752177237752814,0.125,0.3333333333333333,0.1030655971871223,1.0,0.0,1.0
834,0.0,1.0,0.36752177237752814,0.0,0.0,0.10614218217778267,1.0,1.0,0.0
835,1.0,1.0,0.36752177237752814,0.125,0.0,0.10614218217778267,0.0,1.0,0.0
836,0.0,1.0,0.36752177237752814,0.125,0.0,0.10614218217778267,1.0,1.0,0.0
837,0.0,1.0,0.36752177237752814,0.375,0.16666666666666666,0.11192923854521482,0.0,0.0,1.0
838,0.0,1.0,0.36752177237752814,0.375,0.16666666666666666,0.11192923854521482,0.0,0.0,1.0
839,0.0,1.0,0.36752177237752814,0.375,0.16666666666666666,0.11192923854521482,1.0,0.0,1.0
840,0.0,1.0,0.36752177237752814,0.375,0.16666666666666666,0.11192923854521482,0.0,0.0,1.0
841,0.0,0.0,0.36752177237752814,0.0,0.0,0.11394352268981432,1.0,0.0,1.0
842,0.0,0.0,0.36752177237752814,0.0,0.0,0.1142731567959565,1.0,0.0,1.0
843,0.0,0.0,0.36752177237752814,0.0,0.0,0.1166904735743325,1.0,0.0,1.0
844,1.0,0.0,0.36752177237752814,0.0,0.0,0.1166904735743325,1.0,0.0,1.0
845,0.0,0.0,0.36752177237752814,0.0,0.0,0.12183628172728272,1.0,0.0,0.0
846,0.0,0.0,0.36752177237752814,0.0,0.0,0.12183628172728272,1.0,0.0,0.0
847,1.0,0.0,0.36752177237752814,0.0,0.0,0.13053510603230414,1.0,0.0,0.0
848,1.0,0.0,0.36752177237752814,0.0,0.0,0.13185364245687287,1.0,0.0,1.0
849,1.0,0.0,0.36752177237752814,0.0,0.0,0.13405120316448743,1.0,0.0,1.0
850,0.0,0.0,0.36752177237752814,0.0,0.0,0.13491176793758927,1.0,0.0,0.0
851,0.0,0.0,0.36752177237752814,0.0,0.0,0.13624876387210197,1.0,0.0,1.0
852,1.0,0.5,0.36752177237752814,0.0,0.0,0.14503900670256017,0.0,0.0,1.0
853,0.0,0.0,0.36752177237752814,0.0,0.0,0.15382924953301835,1.0,0.0,1.0
854,1.0,0.0,0.36752177237752814,0.0,0.0,0.15602681024063292,1.0,0.0,1.0
855,0.0,0.0,0.36752177237752814,0.0,0.0,0.1740468080430722,1.0,0.0,0.0
856,0.0,0.0,0.36752177237752814,0.0,0.0,0.18635314800571368,1.0,0.0,1.0
857,0.0,0.0,0.36752177237752814,0.0,0.0,0.2197560707614548,1.0,0.0,1.0
858,1.0,0.0,0.36752177237752814,0.125,0.0,0.22794198439731897,0.0,0.0,1.0
859,0.0,0.0,0.36752177237752814,0.0,0.0,0.228546313591913,1.0,0.0,1.0
860,1.0,0.0,0.36752177237752814,0.125,0.0,0.228546313591913,0.0,0.0,1.0
861,1.0,0.0,0.36752177237752814,0.0,0.16666666666666666,0.24173167783760027,0.0,0.0,1.0
862,1.0,1.0,0.36752177237752814,0.0,0.0,0.24830590045049997,1.0,0.0,1.0
863,1.0,1.0,0.36752177237752814,0.0,0.0,0.24830590045049997,1.0,0.0,1.0
864,0.0,1.0,0.36752177237752814,0.0,0.0,0.24830590045049997,1.0,0.0,1.0
865,0.0,1.0,0.36752177237752814,1.0,0.3333333333333333,0.3056806944291836,1.0,0.0,1.0
866,0.0,1.0,0.36752177237752814,1.0,0.3333333333333333,0.3056806944291836,0.0,0.0,1.0
867,0.0,1.0,0.36752177237752814,1.0,0.3333333333333333,0.3056806944291836,1.0,0.0,1.0
868,0.0,1.0,0.36752177237752814,1.0,0.3333333333333333,0.3056806944291836,1.0,0.0,1.0
869,0.0,1.0,0.36752177237752814,1.0,0.3333333333333333,0.3056806944291836,1.0,0.0,1.0
870,0.0,1.0,0.36752177237752814,1.0,0.3333333333333333,0.3056806944291836,0.0,0.0,1.0
871,0.0,1.0,0.36752177237752814,1.0,0.3333333333333333,0.3056806944291836,0.0,0.0,1.0
872,1.0,0.0,0.36752177237752814,0.0,0.0,0.3480936160861444,0.0,0.0,0.0
873,1.0,0.0,0.36752177237752814,0.125,0.0,0.361150642786507,0.0,0.0,0.0
874,1.0,0.0,0.36752177237752814,0.125,0.0,0.39162377760685646,0.0,0.0,0.0
875,1.0,0.0,0.36752177237752814,0.0,0.0,0.48734556642127247,0.0,0.0,0.0
876,1.0,0.0,0.36752177237752814,0.125,0.0,0.5874079771453687,0.0,0.0,1.0
877,1.0,0.0,0.36752177237752814,0.125,0.0,0.6439767058564994,0.0,0.0,0.0
878,0.0,0.0,0.36752177237752814,0.0,0.0,0.9747465113723768,1.0,0.0,1.0
879,0.0,0.0,0.36752177237752814,0.0,0.0,1.0,1.0,0.0,0.0
